"","x"
"1","Habt Ihr Lust Anastasia und Christian zu treffen? Dann macht mit und gewinnt ein exklusives Shades-of-Grey-Set bestehend aus 25x2 Kino-Karten für den Film plus 25x1 Mini-Set der limitierten OPI Shades of Grey Kollektion. Einlösbar in allen 86 Cineplex-Kinos in Deutschland. Schickt uns einfach bis zum 08.02.2015 eine E-Mail an facebook@douglas.de und vergesst nicht den Betreff ""Shades of Grey"" sowie Eure Postanschrift. Die Gewinner benachrichtigen wir dann am 09.02.2015. Unsere Teilnahmebedingungen zum Gewinnspiel findet Ihr hier: www.douglas.de/shadesofgrey  
Viel Glück!"
"2","Go Nude, but better! Ob Concealer, Lip Stick oder Eye Pencil, die Basics von Nudestix sind die perfekten Tools für einen supersanften Nude-Look. www.douglas.de/Nudestix"
"3","Die Liebe schreibt die besten, skurrilsten und traurigsten Geschichten, oder? Deshalb widmet Chloé allen Liebesgeschichten nun einen eigenen Duft. Seid Ihr bereit, euch in den neuen Duft Love Story zu verlieben? 
www.douglas.de/chloe-lovestory
#chloelovestory"
"4",NA
"5",NA
"6","❤ Wir versüßen Euch den Valentinstag mit noch mehr wunderschönen Gewinnen! ❤ Auf unserem Blog beautystories warten insgesamt 50 Beauty-Preise auf Euch, die das Herz höher schlagen lassen. Wir drücken Euch die Daumen: www.douglas.de/Sweet-Valentin-2015"
"7",NA
"8","Rote Statement-Lippen sind das schönste Accessoire einer Frau! Was ist Euer Lieblings-Rot? www.douglas.de/Be-Legendary"
"9",NA
"10","Sunshine, wir vermissen Dich! Solange trösten wir uns mit Sonne aus dem Flakon!
www.douglas.de/Marigold
www.douglas.de/Jaune"
"11",NA
"12","Pssst, Ladies: Ab morgen gibt's bei uns im Online-Shop die limitierte OPI Nagellackkollektion zum Film ""Fifty Shades of Grey""!"
"13",NA
"14","Power of Color! Wir lieben die Limited Edition ✿ Spring/Summer 2015 ✿ von Givenchy: www.douglas.de/colorecreation"
"15",NA
"16","Farbklecks gefällig? Die Pinsel der JACKS Beauty Line sind ein bunter Eyecatcher und sorgen für einen perfekten Auftrag. Kennt Ihr die Schönmacher schon? www.douglas.de/jacks"
"17",NA
"18","Glamour toujours! Gold-braune Smokey Eyes sind eine tolle Alternative zu Schwarz. Habt Ihr auch schon farbige Smokey Eyes ausprobiert?
www.douglas.de/Brown-Smokey"
"19",NA
"20","Unser Duft-Traumpaar der Woche: CK REVEAL! Schon geschnuppert?
Für Sie: www.douglas.de/CKReveal-Woman
Für Ihn: www.douglas.de/CKReveal-Man"
"21","Die neue BoB ist da und sie steht ganz unter dem Motto Fashion Week! Hot or Not? Hier sind die Laufsteg-Stars unserer geliebten Box of Beauty: douglas.de/Bob-Februar"
"22",NA
"23",NA
"24","Dieses Jahr dreht sich alles um die Trendfarbe Marsala! Wir haben für Euch die stylishsten Beauty-Produkte zusammengestellt. Hält das warme Rotbraun auch Einzug in Euer Beauty-Case? www.douglas.de/Marsala"
"25",NA
"26","NUR NOCH HEUTE ... 
... habt Ihr die Chance, Euch für den Produkttest des Gesichtspflege-Sets von GoodSkin Labs zu bewerben. An die Tasten, fertig, los: www.douglas.de/Produkttest-GoodSkin. Bis zum 30.01.2015 erfahrt Ihr per E-Mail, ob Ihr dabei seid. GoodSkin, good luck! 

Leider könnt Ihr euch vorerst nur von Eurem PC oder Laptop oder mobil mit der Desktop-Version von douglas.de für den Produkttest bewerben."
"27","Lust auf einen Moment Ruhe? Unsere limitierte Douglas Home Spa Kollektion verzaubert Euch mit dem Duft nach Kirschblüte: www.douglas.de/Wellness-Set 

Pssst! Unser Douglas Home Spa Körperöl Harmony of Aryurveda mit Mandel- und indischem Mango-Öl ist übrigens für den Glamour-Beauty-Award GLAMMY nominiert :-D"
"28",NA
"29","Think Pink! Unser Motto fürs Wochenende: Fröhliche Farben gegen den Frost! Danke an Anna-Christin von winzieee.

www.douglas.de/Sweet-Paradise"
"30",NA
"31","Wir waren für Euch auf der Fashion Week in Berlin und haben Euch den Braut-Look von Kaviar Gauche mitgebracht: Heller, schimmernder Lidschatten und toller Glow. Was sagt Ihr zu diesem Trend 2015? #mbfw 
www.douglas.de/Braut-Look"
"32",NA
"33",NA
"34","❤❤❤ Ab und zu kann jeder eine kleine Umarmung gebrauchen, oder? Und heute ist der perfekte Tag dafür. Denn es ist Weltknuddeltag! Wen knuddelt Ihr heute von Herzen? ❤❤❤"
"35","Unser Look zum Valentin: Eye-Make-up in Lavendel-Farben und eine elegante Fake-Bob-Frisur <3 Die Anleitung für alle Romantikerinnen unter Euch gibt's hier: www.douglas.de/Valentinslook"
"36",NA
"37",NA
"38","Natürlicher Glow? Optimale Feuchtigkeit? Leichtigkeit und Sonnenschutz? Plus individuelle Deckkraft? Das Make-up-Luftkissen ""Lancôme Teint Miracle Cushion"" revolutioniert und verschönert unsere Beauty-Routine! 
Bis zum 07.02.2015 exklusiv unter www.douglas.de/Lancome-Cushion"
"39","HAPPY SKIN <3 Wir suchen 100 ProdukttesterInnen, die das Gesichtspflege-Set von GoodSkin Labs testen und reviewen möchten. Unter www.douglas.de/Produkttest-GoodSkin könnt Ihr Euch bis kommenden Sonntag für unseren Pflege-Produkttest bewerben. Ob Ihr dabei seid, erfahrt Ihr bis zum 30.01.2015 per E-Mail. Wir drücken Euch wie immer die Daumen! 

Leider könnt Ihr Euch vorerst nur von Eurem PC oder Laptop oder mobil mit der Deskop-Version von douglas.de für den Produkttest bewerben."
"40",NA
"41","Absolutes Must-have diesen Monat: Verführerische Bordeaux-Farben auf den Nägeln! Die perfekten Mischungen aus Rot und Schwarz gibt's hier: www.douglas.de/Essiebordeaux

Danke liebe Anna-Christin von winzieee für das tolle Bild!"
"42",NA
"43","Beauty & Love gehören einfach zusammen! Finden unsere Lieblings-Bloggerinnen auch. Ihre Beauty-Empfehlungen zum Valentinstag gibt's hier: www.douglas.de/2015valentinblogger

Lieben Dank an Maria von Lipsticklove, Eva von Complexions und Denise von Fasheria!"
"44","Winterblässe? Müder Teint? Das könnt Ihr euch jetzt abschminken! Mit dem richtigen Blush zaubert Ihr im Nu Frische und natürliches Leuchten ins Gesicht: www.douglas.de/Blush"
"45","Trifft Amors Pfeil genau ins Herz? Versucht Euer Glück und macht mit bei unserem ♥ Valentinsgewinnspiel ♥ unter www.douglas.de/Valentin2015. Wir haben wieder zauberhafte Traumpreise für Euch!"
"46",NA
"47",NA
"48","Pure & beautiful! Wir schenken Euch zu jeder Bestellung ab 39 Euro auf www.douglas.de/fangeschenk-narciso eine Narciso Rodriguez Narciso Bodylotion (75 ml). Gebt einfach den Code GGZ234 in Eurem Warenkorb ein.
Nur solange der Vorrat reicht. Nur ein Geschenk pro Kunde. Gültig bis zum 27.1.2015."
"49",NA
"50",NA
"51","Wir haben keine Lust mehr auf Winter-Tristesse! Da kommt der Frühlings-Look von Michael Kors gerade richtig: Clean, natürlich und frisch! Alle Backstage-Impressionen gibt's hier: www.douglas.de/michaelkors"
"52","3 wohltuende Bodysprays im romatischen Vintage-Flakon: Welcher Aroma-Typ bist Du? Rosa? Mint? Oder Gelb?
❤ www.douglas.de/rosa
❤ www.douglas.de/mint
❤ www.douglas.de/gelb"
"53",NA
"54","Spröde Winter-Lippen adé! Die genialen Chubby Sticks pflegen Eure Lippen nicht nur samtweich, sondern zaubern gleichzeitig tolle Farbeffekte!
www.douglas.de/ChubbySticks"
"55",NA
"56","Unsere Beauty-Vorsätze für 2015: Häufiger detoxen! Immer abschminken! Mehr schlafen! Und was habt Ihr euch vorgenommen in Sachen Schönheit?"
"57",NA
"58","So hell, so elegant! Boss Jour Lumineuse: Die wunderbar leichte Variante des Klassikers Jour Pour Femme. Neu & nur bei uns: www.douglas.de/Lumineuse"
"59",NA
"60",NA
"61",NA
"62","Feiern, Feten, Partys ... Nach all den schönen Sausen zwischen den Jahren legen wir erst einmal ein gemütliches Pflege-Wochenende ein. Und Ihr? www.douglas.de/Pflege"
"63",NA
"64",NA
"65","2015 wird wunderschön. Bleibt Euch treu und immer gesund! 
Wir begrüßen Euch ganz herzlich im neuen Jahr <3"
"66","★ Feiert schön ins neue Jahr, Ihr Lieben! ★

Wir wünschen Euch einen großartigen Start in 2015 und danken Euch für ein wunderschönes Jahr!"
"67","Rote Lippen soll man küssen! <3 Welchen Rotton tragt Ihr am Silvester-Abend? www.douglas.de/Rote-Lippen"
"68",NA
"69","Noch keine Idee für's Silvester-Styling? Wir setzen auf Glitter Rollers! Und Ihr? www.douglas.de/Glitter-Rollers"
"70",NA
"71",NA
"72",NA
"73",NA
"74","Knusperknusperknäuschen ... Wir lieben das Douglas-Häuschen! Ihr auch?
Lieben Dank an Margret Howe für die süße Inspiration <3"
"75","Wir wünschen Euch traumhaft schöne Feiertage! ... und hoffen, Ihr durftet gestern reichlich Geschenke auspacken ;-)"
"76","FRÖHLICHE WEIHNACHTEN, IHR LIEBEN!

Wir wünschen Euch zauberhafte freie Tage im Kreise Eurer Liebsten."
"77","So pretty! Die schönsten Lidschattenpaletten des Jahres hat unsere Beauty-Bloggerin Vicky für uns verglichen www.douglas.de/PrettyEyes

❆❆❆Was betont Ihr beim Xmas-Styling? Augen oder Lippen?❆❆❆"
"78",NA
"79","Xmas-Stress? Für alle Last-Minute-Shopper: Bis zum 23.12. um 12 Uhr bieten wir Euch Expresslieferung für nur 3,95 Euro an. Alle Bestellungen, die bis dahin bei uns eingehen, liefern wir rechtzeitig bis Heiligabend.
www.douglas.de/Express"
"80",NA
"81",NA
"82","Wir wünschen Euch allen einen zauberhaften 4. Advent. Genießt den Tag und lasst Euch von hübschen Duft-Gewinnen überraschen: www.douglas.de/4Advent"
"83","Ihr liebt dramatische Cat Eyes? Am liebsten in tiefschwarz, genau wie Stil-Ikone Alexa Chung? Dann haben wir das perfekte Geschenk für Euch: Den Eye Do Liquid Eyeliner (0,8 ml) der Londoner Kult-Marke Eyeko gibt's NUR HEUTE zu jeder Bestellung ab 49,- €. Gebt einfach den Code EYE im Warenkorb ein. www.douglas.de/eye

Nur solange der Vorrat reicht. Nur ein Geschenk pro Kunde. Das Geschenk wird bei Verfügbarkeit nach Eingabe des Codes im Warenkorb angezeigt."
"84",NA
"85","Geschenke, Geschenke, Geschenke! An diesem Vor-Weihnachts-Wochenende wird bei uns fleißig eingepackt! Bei Euch auch? ★★★"
"86","Juhuuuu ... Endlich wieder bei uns im Shop: eos Lipbalm!
www.douglas.de/lipbalm-eos

Matthias Schweighöfer ;-)"
"87","Rote Nägel & ein Hauch von Glitzer! Wir <3 die Weihnachtsmaniküre, Ihr auch? Hier mehr dazu: www.douglas.de/Weihnachtsmanikuere

Pssst! Zu jeder Bestellung auf www.douglas.de/Shiseido-Pflege ab 49 Euro erhaltet Ihr eine Shiseido-Überraschungs-Pflege (7 ml). Nur ein Geschenk pro Kunde. Nur solange der Vorrat reicht. Das Geschenk wird bei Verfügbarkeit im Warenkorb angezeigt."
"88","Wir suchen den MAN OF TODAY! 
Ihr haltet Euren Liebsten für den perfekten Mann? Dann schnell noch bis Sonntag bewerben unter www.douglas.de/Man-of-Today. Der Gewinner erhält ein Foto-Shooting im Rahmen der BOSS Bottled Kampagne mit Star-Fotograf Bryan Adams in London. #ManofToday
PS. Ihr seid noch auf der Suche nach dem richtigen Geschenk für Euren Schatz? Heute erhaltet Ihr 10 Euro Rabatt auf Euren Herrenduft-Einkauf ab einem Gesamtwert von 60 Euro."
"89",NA
"90","Merry Christmas, Ihr Lieben! 
In Bochum, Nürnberg, Augsburg und Hamburg überraschen wir Euch mit unserem interaktiven Douglas-Weihnachts-Schaufenster. Was Euch erwartet? Eure Silhouette im Sternenregen und kleine Päckchen mit tollen Geschenk-Inhalten..."
"91","NUR HEUTE bekommt Ihr 10 Beauty-Proben geschenkt! Zu jeder Bestellung ab 59 Euro unter www.douglas.de/10proben. Gebt einfach den Code 10PROBEN im Warenkorb ein.

Nur solange der Vorrat reicht. Nur ein Geschenk pro Kunde. Das Geschenk wird bei Verfügbarkeit nach Eingabe des Codes im Warenkorb angezeigt."
"92",NA
"93","Noch Platz im Beautycase? Bei uns schon, und zwar für die neuen Beauty-Produkte von By Terry. Must-have-Faktor ist extrem hoch! www.douglas.de/byterry
❉❉❉Psst, Xmas-Shopping ohne Risiko: Bestellungen, die bis zum 23.12.2014 bei douglas.de eingehen, können bis zum 31.01.2015 zurückgeschickt werden."
"94",NA
"95","Wir wünschen Euch einen zauberhaften 3. Advent und überraschen Euch wieder mit traumhaften Gewinnen: www.douglas.de/3Advent ★"
"96","It's Christmas time!
Wir schenken Euch zu jeder Bestellung ab 39 Euro auf www.douglas.de/fangeschenk-primer einen Smashbox Photo Finish Primer (7 ml). Gebt einfach den Code SCC123 in Eurem Warenkorb ein. 
Nur solange der Vorrat reicht. Nur ein Geschenk pro Kunde. Gültig bis zum 28.12.2014."
"97","★ Noch bis Sonntag ... ★ 
Wir suchen 100 ProdukttesterInnen, die den Duft STELLA (100 ml) von Stella McCartney testen und reviewen möchten. Unter www.douglas.de/Produkttest-Stella könnt Ihr Euch noch bis Sonntag für unseren Xmas-Produkttest bewerben. Ob Ihr dabei seid, erfahrt Ihr bis zum 19.12. per E-Mail. Wir drücken Euch die Daumen! 

Leider könnt Ihr Euch vorerst nur von Eurem PC oder Laptop oder mobil mit der Deskop-Version von douglas.de für den Produkttest bewerben."
"98","Proooost! Wir wünschen Euch ein wundervolles Wochenende mit Glühwein, Plätzchen & Co. :-)"
"99",NA
"100",NA
"101","Victoria Beckham x Nails Inc. Die Nagellack-Kollektion der Designerin ist neu bei uns und sieht cooool aus, oder? www.douglas.de/victoriabeckham"
"102","Unser Motto der Woche: La vie est belle! <3 Und Eures? 

Die zauberhafte Duftminiatur von Lancôme erhaltet Ihr zu jeder Bestellung ab 49 Euro unter www.douglas.de/LAVIE. Gebt einfach den Code LAVIE in Euren Warenkorb ein. 

Nur solange der Vorrat reicht. Nur ein Geschenk pro Kunde. Das Geschenk wird bei Verfügbarkeit nach Eingabe des Codes im Warenkorb angezeigt."
"103",NA
"104","Wir lieben DIVA RED! Ihr auch? www.douglas.de/Diva-Red

PS. Nur noch heute erhaltet Ihr gratis 4 statt 2 Proben zu jeder Bestellung."
"105",NA
"106","Wundervoller Duft + traumhaftes Schmuckstück = JuwelKerze. Wie das funktioniert? Einfach Kerze abbrennen, Ambiente genießen und auf die Überraschung warten, die sich im Inneren verbirgt - Schmuck aus echtem Silber im Wert von bis zu 250 Euro! Die inneren Werte zählen, oder? ;-) www.douglas.de/JuwelKerze"
"107",NA
"108","Es weihnachtet! ✩ ✩ ✩ Wir freuen uns auf's romantische Fest, Ihr auch?"
"109","Kim, Vivien, Mia oder Andrea? 
Vier unserer Lieblingsbloggerinnen haben Ihr persönliches Silvester-Make-up für Euch entworfen. Und Ihr könnt entscheiden, welcher Look Euer Favorit ist. Stimmt ab unter www.douglas.de/NewYearStyle und gewinnt eine Urban Decay Naked on the Run Palette ♡ ♡ ♡ #NewYearStyle"
"110","★ Xmas-Produkttest mit STELLA ★ 
Wir suchen 100 ProdukttesterInnen, die das Eau de Parfum  STELLA (100 ml) von Stella McCartney testen und reviewen möchten. Unter www.douglas.de/Produkttest-Stella könnt Ihr euch bis kommenden Sonntag, den 14.12., für unseren Xmas-Produkttest bewerben. Ob Ihr dabei seid, erfahrt Ihr bis zum 19.12. per E-Mail. Wir drücken Euch die Daumen! 

Leider könnt Ihr Euch vorerst nur von Eurem PC oder Laptop oder mobil mit der Deskop-Version von douglas.de für den Produkttest bewerben."
"111",NA
"112","Einen wunderschönen 2. Advent, liebe Beauties. Gewinnt zur Feier des Tages traumhafte Sets von Folie de Noirs – dem Xmas-Look von Givenchy! www.douglas.de/2-Advent"
"113","<3 Einen schönen Nikolaus Euch allen <3"
"114",NA
"115","Zum Nikolaus erhaltet Ihr unter www.douglas.de/nikolaus 11% Rabatt auf alles! Wir wünschen Euch schönes Nikolaus-Shopping!

Gültig nur am 06.12.2014. Gültig für das gesamte Sortiment außer Bücher, Gutscheine, Gutscheinkarten und Box-of-Beauty-Abonnements. Nicht mit anderen Rabatten kombinierbar."
"116","Wer hat den richtigen Schlüssel und knackt den Douglas Beauty Tresor? In all unseren Parfümerien könnt Ihr bis Sonntag Euer Glück versuchen und zauberhafte Beauty-Überraschungen gewinnen. Hat's schon jemand probiert?"
"117","★ FÜR EUCH ★ 
Zu jeder Bestellung ab 39 Euro unter www.douglas.de/mascara erhaltet Ihr eine Douglas Absolute Mascara (3,5 ml) geschenkt. Gebt einfach den Code MASCARA in Eurem Warenkorb ein. 

* Gültig nur am 05.12. Nur solange der Vorrat reicht. Nur ein Geschenk pro Kunde. Das Geschenk wird bei Verfügbarkeit nach Eingabe des Codes im Warenkorb angezeigt."
"118",NA
"119",NA
"120","Guten Morgen Ihr Lieben, 
DHL veranstaltet heute bundesweit Betriebsversammlungen, weshalb es sein kann, dass am Wochenende vereinzelt keine Pakete ausgeliefert werden. Sollte es Euch treffen, wendet Euch am besten direkt an DHL. Den Sendungsstatus Eures Päckchens findet Ihr in der Sendungsverfolgung, die Ihr unserer Versandbestätigung entnehmen könnt. Es grüßt Euch herzlich 
Euer Douglas-Facebook-Team"
"121","Make-up-Artists, Film-Profis, Models und wir mitten drin! Hier könnt Ihr einen Blick hinter die Kulissen unseres Weihnachtsdrehs erhaschen. Seid Ihr auch schon im Weihnachtsfeeling?"
"122","Schmökern, Schlemmen, Shoppen - für einen gemütlichen Nachmittag! Nur bis Mitternacht erhaltet Ihr ab einem Bestellwert von 29 Euro die brandaktuelle Gala zu Eurer Bestellung auf www.douglas.de/Gala geschenkt. Gebt einfach den Code GALA in Eurem Warenkorb ein!
Nur solange der Vorrat reicht. Nur ein Geschenk pro Kunde. Das Geschenk wird bei Verfügbarkeit im Warenkorb angezeigt."
"123",NA
"124","Unser Lieblingsduft der Woche: Escada Joyful! Hübsch, oder?
www.douglas.de/escada-joyful
Pssst! Zu jeder Bestellung des blumigen Duftes gibt's übrigens eine goldene Überraschung für Euch."
"125","Lieben Dank für Eure zahlreichen Fotos zu unserer #beautifulhugs Aktion. Die glücklichen Gewinner sind...

Winterreise nach Österreich für 2 Personen: shesonlyme_ 
2x2 Wochenend-Tickets für das MS Dockville Festival: 
cheesbeth und Edith Böder
8 Beautypakete: Anna Milke, itsme.alexandra.xo, nina_hoen, petitebupbe, Jessica Boden, Vanessa Frischholz, Max Schmid und emmi386.

Herzlichen Glückwunsch an alle Gewinner!"
"126",NA
"127","Geschenkt!  
Wir schenken Euch zu jeder Bestellung ab 39 Euro auf www.douglas.de/fangeschenk-boss ein Boss Bottled Duschgel (50 ml) für Euren Liebsten :-* Gebt einfach den Code BTU145 in Eurem Warenkorb ein. 
Nur solange der Vorrat reicht. Nur ein Geschenk pro Kunde. Gültig bis zum 16.12.2014."
"128","Es weihnachtet! Zur Feier des 1. Dezembers schenken wir Euch eine zauberhafte Feder-Kette im Ethno-Style. www.douglas.de/Pilgrim-Kette
* Nur solange der Vorrat reicht. Nur ein Geschenk pro Kunde. Das Geschenk wird bei Verfügbarkeit im Warenkorb angezeigt."
"129",NA
"130","Wir wünschen Euch einen wunderschönen 1. Advent und versüßen Euch die Vorweihnachtszeit mit traumhaften Gewinnen: www.douglas.de/1-Advent"
"131","Der Countdown läuft! 
Nur noch bis Sonntag könnt Ihr am Fotocontest #beautifulhugs teilnehmen. Teilt mit uns unter www.douglas.de/app-beautifulhugs Eure Lieblings-Umarmung und gewinnt eine traumhafte Winterreise, Festival-Tickets oder Beauty-Pakete. 
Falls Ihr lieber auf Instagram teilnehmen möchtet, teilt Euer Foto öffentlich mit dem Hashtag #beautifulhugs und markiert uns mit unserem Nutzernamen Parfümerie Douglas. 
Also – knipsen und umarmen, was das Zeug hält! www.douglas.de/teilnahmebedingungen"
"132",NA
"133","Weihnachtsdeko ist Kitsch? Wir stehen dazu und am Wochenende wird dekoriert ;-) Und bei Euch? www.douglas.de/Weihnachtsdeko"
"134","An alle Shopaholics! Nur heute im #BlackFriday Sale: bis zu 50 % Rabatt auf Eure Lieblingsartikel <3 www.douglas.de/blackfridaysale"
"135",NA
"136",NA
"137","Unser Lieblings-Nagellack der Woche ist von Nails Inc. und heißt CASHMERE ♡ Genau das Richtige für das ungemütliche Wetter, oder? www.douglas.de/Cashmere"
"138",NA
"139",NA
"140","Happy Thanksgiving! Die limitierte Mini-Kollektion von ANNY macht uns glücklich. Euch auch? www.douglas.de/ANNY-Thanksgiving"
"141","Wir haben 10 Beauty-Adventskalender für Euch gesichert! Wie Ihr einen gewinnen könnt? Einfach zum kostenlosen Douglas-Newsletter anmelden unter www.douglas.de/Kalender und den Aktionscode KALENDER14 angeben. Wir drücken Euch die Daumen und wünschen Euch eine schöne Vorweihnachtszeit!"
"142",NA
"143","Wir verschönern Euch den Montag! Mit einer Überraschungs-Duftminiatur zu jeder Bestellung ab 49 Euro auf www.douglas.de/DuftMini. 

Nur solange der Vorrat reicht. Nur ein Geschenk pro Kunde. Das Geschenk wird bei Verfügbarkeit im Warenkorb angezeigt."
"144",NA
"145","Endspurt für den NYX-Produkttest!  
50 ProdukttesterInnen können das 5-teilige NYX Make-up-Set ausprobieren. Unter www.douglas.de/produkttest-nyx könnt Ihr Euch heute (23.11.) noch bewerben. Ob Ihr dabei seid, erfahrt Ihr bis zum 28.11. per E-Mail. Wir drücken Euch die Daumen! 

Leider könnt Ihr Euch vorerst nur von Eurem PC oder Laptop oder mobil mit der Deskop-Version von douglas.de für den Produkttest bewerben. Wir arbeiten für Euch daran!"
"146",NA
"147","❆ Mit NARCISO fühlen wir uns verzaubert in ein weißes WINTERMÄRCHEN. Ihr auch? ❆ www.douglas.de/NARCISO"
"148",NA
"149","★ MERRY XMAS ★
In unseren Parfümerien könnt Ihr Euch alle Beauty-Produkte als Geschenk verpacken lassen - sucht Euch einfach Eure Lieblingsfarbe aus. Gegen eine kleine Spende, die an DKMS LIFE geht, bekommt Ihr sogar ein personalisiertes Geschenkband. Was darauf steht, entscheidet Ihr. Happy Shopping! www.douglas.de/DKMS-LIFE"
"150",NA
"151","Packt Eure Wunschtüte zu Weihnachten mit 5 Beauty-Highlights, die die Vorweihnachtszeit verschönern! Wer von Euch mag gewinnen?
www.douglas.de/Weihnachtsgewinnspiel"
"152","Heiße Farben, coole Effekte und aus der Trend-Metropole London: Unser Nagellack-Neuzugang NAILS INC. Endlich! Alexa Chung trägt sexy Rot. Schön oder? www.douglas.de/Nails-Inc"
"153",NA
"154","My Burberry. Mein Duft-Liebling. Und Deiner? 
www.douglas.de/my-burberry"
"155","Hand auf's Herz! Was wolltet Ihr schon immer zum Thema Haar- und Make-up-Styling wissen? 
Wir laden Euch herzlich zum Douglas-Chat mit unseren Expertinnen von Smashbox und Bumble and bumble ein. Heute, am Dienstag, den 18.11.2014, zwischen 18.00 bis 20.00 Uhr könnt Ihr unter www.douglas.de/Douglas-Chat Eure Fragen stellen und Euch mit den Profis austauschen. Wir freuen uns auf Euch!"
"156","Wir suchen DICH! 
50 ProdukttesterInnen können das 5-teilige NYX-Make-up-Set ausprobieren.  Unter www.douglas.de/produkttest-nyx könnt Ihr Euch bis kommenden Sonntag, den 23.11.2014 zum Produkttest bewerben. Ob Ihr dabei seid, erfahrt Ihr bis zum 28.11. per E-Mail. Wir drücken Euch die Daumen! 

Leider könnt Ihr Euch vorerst nur von Eurem PC oder Laptop oder mobil mit der Deskop-Version von douglas.de für den Produkttest bewerben."
"157","Happy Shipping! Happy Shopping!
Innerhalb Deutschlands sind alle Bestellungen auf www.douglas.de/happy-shipping ab einem Wert von 10 Euro versandkostenfrei - gültig vom 17.11. bis zum 18.11. um 9 Uhr. Danach sind alle Bestellungen wie gewohnt wieder ab 25 Euro versandkostenfrei. 
Wir wünschen Euch einen guten Start in die Woche!"
"158",NA
"159","Love is in the air ♡ Teilt mit uns in der Vorweihnachtszeit unter www.douglas.de/app-beautifulhugs Eure Lieblings-Umarmung und gewinnt eine traumhafte Winterreise, Festival-Tickets oder Beauty-Pakete.  
Falls Ihr lieber auf Instagram teilnehmen möchtet, teilt Euer Foto öffentlich mit dem Hashtag #beautifulhugs und markiert uns mit unserem Nutzernamen Parfümerie Douglas. Wir freuen uns über Eure Bilder! www.douglas.de/teilnahmebedingungen"
"160",NA
"161","Unser Lieblings-Herbst-Look ☂ ☼ Perfekt für's Wochenende, oder? Wir wünschen Euch schöne freie Tage! www.douglas.de/eyeshadow-palette

(Make-up-Artist: Angelika von leidenschaft-makeup.de)"
"162","Diese Pralinchen in unserer Lieblingsfarbe Mint sind garantiert kalorienfrei und pflegen Eure Lippen ;-) Habt Ihr sie schon probiert? 
Exklusiv und neu bei uns - auch in Rot, Rosa und Hellblau: www.douglas.de/EOS"
"163",NA
"164",NA
"165","Steht hellen und dunklen Typen und passt ideal zum Herbst! Im Trend: Smaragdgrün. Eure Farbe? www.douglas.de/Smaragdgruen"
"166","Die limitierte Kollektion von Givenchy ★ Folie de Noirs ★ So schön und mystisch wie die Nacht. Gefällt Euch der Xmas-Look? www.douglas.de/Givenchy"
"167","Jeden Tag ein Türchen öffnen bis Heiligabend ... ♡ Schon schön, oder?
 
Die zwei edlen Adventskalender sind übrigens reduziert: 
www.douglas.de/alessandro-kalender
www.douglas.de/douglas-kalender"
"168",NA
"169","Die neuen Winterdüfte sind da und Ihr könnt sogar welche gewinnen ♡ www.douglas.de/winter-duefte.

Übrigens, wer bis zum 23.12.2014 bei uns shoppt, kann bis zum 31.01.2015 problemlos bei uns umtauschen oder retournieren. Praktisch, oder?"
"170",NA
"171","WONDERful Monday! 
Wir schenken Euch zu jeder Bestellung ab 39 Euro auf www.douglas.de/fangeschenk-nyx einen NYX WONDER Pencil Light. Den wunderbaren Allrounder kann Frau immer gebrauchen :-) Gebt einfach den Code NYX235 in Eurem Warenkorb ein. 
Nur solange der Vorrat reicht. Nur ein Geschenk pro Kunde. Gültig bis zum 23.11.2014."
"172",NA
"173","Brrrrr...ist das kalt!!! Mit diesen Beauty-Tools könnt Ihr Euch ein gemütliches Wellness-Wochenende daheim machen. www.douglas.de/professional-beauty"
"174",NA
"175","Wir ♡ die limitierte Smashbox On the Rocks Lidschattenpalette! Gefällt Sie Euch? 
 
Ab heute nur bei uns. www.douglas.de/OnTheRocks"
"176",NA
"177","Good morning, Beauties! Heute schon was vor?

Unsere Douglas Parfümerie in der Flinger Straße in Düsseldorf wird heute wieder eröffnet - als New Concept Store, mit einem Counter der Trendmarke Urban Decay und einer Benefit Brow Bar. 

Für die ersten 30 Urban-Decay-Fans vor Ort gibt es eine angesagte Naked Basic Lidschattenpalette geschenkt. Ein Besuch lohnt sich! Also, fleißig teilen und schnell da sein. Happy Shopping!"
"178","♡ FÜR EUCH ♡ www.douglas.de/elf-prozent

Nur am 06.11.2014. Auf das gesamte Sortiment, außer auf Box of Beauty Abonnements, Gutscheine und Gutscheinkarten sowie Bücher. Der Rabatt ist nicht kombinierbar und wird im Warenkorb angezeigt. Nur ein Rabatt pro Kunde."
"179","Frisch und strahlend durch den Herbst? Ja, das geht! 

Highlighter + Rouge + Bronzer = Contouring. Schon ausprobiert? 

www.douglas.de/Contouring-Modellieren"
"180",NA
"181","Unser Look der Woche ist NAKED! Gefällt Euch das Make-up?

www.douglas.de/Naked3

(Make-up-Artist: Angelika von leidenschaft-makeup.de)"
"182",NA
"183","<3 Teilt mit uns Eure schönste Umarmung in Form eines Fotos und gewinnt eine traumhafte Winterreise, Festivaltickets oder Beauty-Highlights! Interessiert? Dann hier entlang: www.douglas.de/facebookapp-beautifulhugs 

Übrigens könnt Ihr auch bei Instagram teilnehmen: Euer Foto muss hierbei öffentlich geteilt werden, den Hashtag #beautifulhugs enthalten und mit unserem Nutzernamen Parfümerie Douglas markiert sein. 

Wir freuen uns auf Eure Umarmungen! Und eine schöne Vorweihnachtszeit mit Euch <3"
"184","#hello Ihr Lieben! 
Endlich ist es soweit: Douglas goes Instagram ♡ Unseren neuen Beauty-Account findet Ihr unter: http://instagram.com/parfuemerie_douglas.
Wir freuen uns auf Euch und wünschen Euch einen guten Morgen!
#parfuemeriedouglas #yourpartnerinbeauty"
"185",NA
"186","Girls Night Out! Was habt Ihr heute Abend vor?
www.douglas.de/ModernMuse-Chic"
"187","Wir wünschen Euch ...
www.douglas.de/Happy-Halloween"
"188",NA
"189","Noch kein passendes Halloween-Make-up? Wie wär's mit Fake Lashes, Eyeliner und Gold? 
www.douglas.de/Ardell-Lashes
www.douglas.de/Benefit-Liner
www.douglas.de/Gold-Sticker
(Make-up-Artist: Angelika von leidenschaft-makeup.de)"
"190",NA
"191",NA
"192","Wir schreiben schon jetzt heimlich unsere Wunschliste ... Ihr auch?
www.douglas.de/Wunschliste"
"193",NA
"194","Dein Hautton ist so einzigartig wie Du!
Das perfekte Make-up zu finden ist nicht einfach. Darum haben wir den DOUGLAS COLOR EXPERT entwickelt, der die Farbinformationen Deiner Haut erfasst. So findest Du Dein individuelles Make-up.
Wie das funktioniert, welche Douglas Parfümerien unseren Service anbieten und woher Du die Color Card aus unserem Video bekommst, erfährst Du hier: www.douglas.de/Color-Expert"
"195","★ BLACK NAILS ★ Passend zum Herbst und zu Halloween, oder? 
www.douglas.de/gothic-black"
"196",NA
"197","NUR NOCH HEUTE! 
Wir suchen 50 ProdukttesterInnen für das 3-teilige Bumble and bumble Haarpflege-Set mit Shampoo (250 ml), Conditioner (250 ml) und Full Form Mousse (150 ml) der Bumble and bumble Thickening Serie. Unter www.douglas.de/Produkttest-Bumbleandbumble könnt Ihr Euch heute noch bewerben. Ob Ihr beim Produkttest dabei seid, erfahrt Ihr bis zum 05.11. per E-Mail. 

Leider könnt Ihr Euch vorerst nur von Eurem PC oder Laptop oder mobil mit der Deskop-Version von douglas.de für den Produkttest bewerben."
"198","Wir liiiiiiiieben Düfte. Ihr auch?
♡
www.douglas.de/Duft-Neuheiten"
"199",NA
"200",NA
"201","NEW YORK! Das Make-up für die Stadt, die niemals schläft, passt zu jedem Anlass und zu jeder Tageszeit. Alle Produkte und Steps mit Model und Bloggerin Negin Mirsalehi findet Ihr unter: www.douglas.de/New-York. Happy Weekend!"
"202",NA
"203","HAPPY HAIR!
Wir suchen 50 ProdukttesterInnen für das dreiteilige Bumble and bumble Haarpflege-Set. Darin ist für Euch das Shampoo (250 ml), der Conditioner (250 ml) und das Full Form Mousse (150 ml) der Bumble and bumble Thickening Serie enthalten. Unter www.douglas.de/Produkttest-Bumbleandbumble könnt Ihr Euch bis kommenden Dienstag, den 28.10.2014, bewerben. Wir drücken Euch die Daumen! Ob Ihr beim Produkttest dabei seid, erfahrt Ihr bis zum 05.11. per E-Mail. 
Für alle, die mobil unterwegs sind: Leider könnt Ihr Euch vorerst nur von Eurem PC oder Laptop oder mobil mit der Deskop-Version von douglas.de für den Produkttest bewerben."
"204","Der Schauspieler Gerard Butler ist nicht nur das neue Gesicht für den legendären Duft Boss Bottled: www.douglas.de/Boss-Bottled. 
Er hat auch extra FÜR EUCH dieses persönliche Video rüber geschickt! Cool, oder? ♡"
"205",NA
"206",NA
"207","Eins für Dich, eins für mich <3 Welches Duft-Set wäre Euer Liebling? www.douglas.de/Duft-Sets Pssst ... viele Sets sind sogar reduziert."
"208",NA
"209","Beautiful Monday! 

Zum schöneren Wochenstart schenken wir Euch zu jeder Bestellung ab 39 Euro auf www.douglas.de/fangeschenk-kendioil ein Alterna Smooth Kendi Pure Treatment Oil (25 ml). Gebt einfach den Code  ALT469 in Eurem Warenkorb ein. 

Nur solange der Vorrat reicht. Nur ein Geschenk pro Kunde. Gültig bis zum 02.11.2014."
"210","Beauty News! Heute schon was vor? 

Ab sofort könnt Ihr Urban Decay in der Douglas Parfümerie in der Frankfurter Zeil shoppen. Lasst Euch von den genialen Produkten überzeugen. Das Urban-Decay-Team berät Euch gerne! Und für die ersten 30 Urban-Decay-Fans vor Ort gibt es eine Naked Basic Lidschattenpalette geschenkt. Also: Fleißig teilen und happy Shopping!"
"211",NA
"212",NA
"213","❅ Nordic News für unsere Nägel ❅
Die limitierte OPI Nordic Collection gibt es als Minis sowie in Originalgröße und verwandelt uns in alle in nordische Waldfeen ... Zauberhaft, oder?
www.douglas.de/Nordic-Collection"
"214","♡ GIRL-TIME ♡
Wir sind am Wochenende für Euch auf der Mädchenmesse in Hannover! Kommt vorbei und lasst Euch von unseren Beauty-Profis stylen und zu den aktuellen Make-up-Trends beraten. Mit etwas Glück bekommt Ihr eines unserer Geschenkpakete zu gewinnen. Wir freuen uns auf Euch!

Pssst ... freier Eintritt für Mädchen bis 17 Jahre. 
www.meine-infa.de/infa_maedchentage_beautystation_de"
"215",NA
"216","Traumhafte Beauty-Favoriten. Jeden Tag zu gewinnen. Von uns für Euch. Ganz individuell zusammen gestellt. Cool, oder?

www.douglas.de/Wunsch-Tuete"
"217","Vorfreude ist die schönste Freude! Auch dieses Jahr haben wir eine schöne Auswahl an Adventskalendern für Euch und Eure Lieben zusammengestellt - für alle Beauty- und Parfüm-Liebhaber, Nagellack-Junkies und Pflege-Fans. Vorfreude geweckt? www.douglas.de/adventskalender2014"
"218",NA
"219","Unser Happy-Herbst-Look mit Rosé und Lila! Wir sind verzaubert, Ihr auch? www.douglas.de/Herbst-Look"
"220",NA
"221","WE ♡ LADY GAGA! Ihr auch? www.douglas.de/Gaga

PS: Die Eindrücke des grandiosen LADY GAGA artRAVE Konzerts in Hamburg verdanken wir Eva, einer der glücklichen Gewinnerinnen unserer Ticket-Verlosung."
"222",NA
"223","Happy Sunday Shopping! 

Heute gibt's bei uns für Euch versandkostenfreie Lieferungen schon ab einem Bestellwert von 10 Euro unter www.douglas.de/Happy-Shopping. 

Nur heute. Nur für den Versand innerhalb Deutschlands. Versandkostenfreie Lieferungen nach dem 12.10. wieder ab einem Bestellwert von 25 Euro."
"224",NA
"225","Unsere Eye-Make-Up zum Wochenende! Gefällt's Euch? 
Hier Step-by-Step erklärt: www.douglas.de/Eye-Make-Up

(Make-up-Artist: leidenschaft-makeup.de)"
"226",NA
"227","SPACE NAILS. Hot or not?

www.douglas.de/SILVER
www.douglas.de/BLACK

(Nail Artist: pshiiit.com / Gefunden unter: www.pinterest.com/pin/270004940129666508/)"
"228",NA
"229","Li-La-Love by Shiseido – wir lieben diesen Glam-Look! Ihr auch? 

Lipgloss: www.douglas.de/Shiseido-Debut
Rouge: www.douglas.de/Shiseido-Plum
Lidschatten: www.douglas.de/Shiseido-Cardinal

PS: Zu jeder Shiseido-Bestellung gibt es bei uns aktuell eine Shiseido Bio Performance Advanced Super Revitalizing Cream (4 ml) geschenkt! Nur ein Geschenk pro Kunde. Nur solange der Vorrat reicht. Das Geschenk wird bei Verfügbarkeit im Warenkorb angezeigt."
"230",NA
"231","Vegan, natürlich, nachhaltig - das können wir auch! Gewinnt jetzt ein Set von Douglas Naturals, unserer neuen Pflege-Serie. Wie das geht? Hier lang: www.douglas.de/Douglas-Naturals"
"232",NA
"233","★ CHRISTMAS IS COMING ★
Für die Weihnachtszeit suchen wir in unseren Parfümerien ab sofort Unterstützung als Packengel auf Basis von 450 Euro monatlich. Du bist flexibel und neugiereig? Dann bewirb Dich am besten gleich in einer Parfümerie in Deiner Nähe. Wir freuen uns auf Dich!"
"234",NA
"235","Punkt, Punkt, Komma, Strich - fertig ist das perfekte Make-up? ;-) Lernt Pinseln wie Profis mit unserer Pinselschule: www.douglas.de/Pinselschule"
"236",NA
"237","Das eigene Zuhause ins verwöhnende Spa verwandeln? Keine schlechte Idee! Wir haben unsere eigene Spa-Linie entwickelt und sind gespannt, wie Euch unsere Wellness-Produkte gefallen. www.douglas.de/HomeSpa"
"238","Beautiful in Bordeaux - unser Look der Woche kreiert von Zukkermädchen ♡ Gefällt Euch das Make-up?
www.douglas.de/Beautiful-Bordeaux"
"239",NA
"240","Shoes are a girl’s best friend! Für alle Schuh-Junkies unter Euch hat ANNY die Limited Editon 'High Heel Lovers' herausgebracht. Schön, oder? www.douglas.de/High-Heel-Lovers"
"241",NA
"242","Ein Bad in TOM FORD's Duft BLACK ORCHID? Wir hätten nichts dagegen! Und Ihr? www.douglas.de/BlackOrchid"
"243",NA
"244",NA
"245","… und der Montag wird noch schöner! 

Ab heute erhaltet Ihr als Facebook-Fangeschenk einen Soap&Glory Pulp Friction Body Scrub (250 ml) ab einem Bestellwert von 39 Euro unter www.douglas.de/Pulp-Friction. Einfach den Code SGP235 in Euren Warenkorb eingeben. 

Nur solange der Vorrat reicht. Nur ein Geschenk pro Kunde. Gültig bis zum 12.10.2014. Das Geschenk wird bei Verfügbarkeit im Warenkorb angezeigt."
"246","Für einen schönen Wochenstart! 
 
Nur heute, am 29.09.2014, gibt es 11% RABATT AUF ALLES unter www.douglas.de/Elf-Prozent. Der Rabatt wird automatisch im Warenkorb abgezogen. Happy Shopping, Ihr Hübschen!

Für alle Box-of-Beauty-Fans: Das Starprodukt im Oktober stellen wir Euch unter www.douglas.de/Starprodukt-Oktober vor!"
"247",NA
"248","Aufgepasst, liebe Produkttester und Smashbox-Liebhaber!

Nur noch bis heute, 28.09.2014 könnt Ihr Euch unter www.douglas.de/produkttest-smashbox-set zum Produkttest mit Smashbox bewerben. Ihr bekommt die Chance auf einen Photo Finish Foundation Primer (30 ml), einen Photo Finish Pore Minimizing Primer (30 ml), einen Photo Finish 24 Hour Shadow Primer (12 ml) und einen Photo Op Eyeshadow Trio Hyperfocal (2,76 g). Ob Ihr beim Produkttest dabei seid, erfahrt Ihr bis zum 02.10. per E-Mail. 

Für alle, die mobil unterwegs sind: Leider könnt Ihr Euch vorerst nur von Eurem PC oder Laptop für den Produkttest bewerben. Wir arbeiten für Euch daran!"
"249",NA
"250","O' ZAPFT IS! Wir wünschen allen Oktoberfestgängerinnen unter Euch a mords Gaudi! Falls ihr noch nicht den passenden Nagellack zu Eurem Dirndl gefunden habt, können wir Euch die knallbunten Oktoberfest-Farben aus der limitierten Essie-Kollektion empfehlen: www.douglas.de/amordsgaudi. Einen süßen Herzchenanhänger gibt’s ontop! :-)"
"251","We ♡ Haute Couture. We ♡ Elie Saab. Fashion & Fragrance gehören einfach zusammen! Findet Ihr auch? www.douglas.de/eliesaab-leparfum"
"252",NA
"253","Natürlich dunkle Lippen, aschige Töne und verruchte Augen. Lieber Herbst, wir heißen Dich willkommen! Die bezaubernde Marie vom Blog glitter-everywhere stellt auf unserem Blog 'beautystories' ihren Lieblings-Herbstlook vor: www.douglas.de/blog-herbstlook.

An alle Box-of-Beauty Abonnenten: Der BoB-Countdown läuft...Lust auf Glam & Star-Appeal? Das Geheimnis um das Originalprodukt der Oktober-BoB lüften wir diesmal am Montag, den 29.09.2014 ebenfalls auf unserem Beauty-Blog unter www.douglas.de/blog-beautystories."
"254",NA
"255",NA
"256","Wochenende, wo bist Du hin? Unsere duften Tipps für Montagsmuffel: 

Ma Vie: www.douglas.de/Ma-Vie-Pour-Femme  
Reveal: www.douglas.de/Reveal-Woman
Daisy Dream: www.douglas.de/Daisy-Dream
Eau My Gold: www.douglas.de/Eau-My-Gold

Mit welchem Duft verlängert Ihr Eure gute Weekend-Laune?"
"257","Ihr liebt Smashbox? Dann haben wir genau das Richtige für Euch …

… denn wir suchen 50 Produkttester, die das vierteilige Smashbox-Set testen möchten und anschließend ihren Erfahrungsbericht in unserem Online-Shop veröffentlichen. Das Set enthält einen Photo Finish Foundation Primer (30 ml), einen Photo Finish Pore Minimizing Primer (30 ml), einen Photo Finish 24 Hour Shadow Primer (12 ml) und einen Photo Op Eyeshadow Trio Hyperfocal (2,76 g).  
Bewerbt Euch bis kommenden Sonntag, den 28.09.2014 unter www.douglas.de/produkttest-smashbox-set. Wir drücken Euch die Daumen! Ob Ihr beim Produkttest dabei seid, erfahrt Ihr bis zum 02.10. per E-Mail.

Für alle, die mobil unterwegs sind: Leider könnt Ihr Euch vorerst nur von Eurem PC oder Laptop für den Produkttest bewerben. Wir arbeiten für Euch daran!"
"258",NA
"259",NA
"260","Dieser Look macht Lust auf einen bunten Herbst! Und dazu passen rot-orangene Lippen: www.douglas.de/morange Mehr Herbststimmung könnt Ihr auf Pinterest einfangen: http://www.pinterest.com/PerfumeDouglas/fall-love/

(Gefunden unter: http://www.pinterest.com/pin/554646510332355561/)"
"261",NA
"262","SCHÖN, SINNLICH, STELLA! Douglas-Bloggerin Kristin hat den neuen Duft der Modedesignerin für Euch ""erschnuppert"". Ihr Fazit könnt Ihr auf unserem Blog 'beautystories' nachlesen.

An alle Münchener: Die Designerin stellt heute gegen 17:30 Uhr in der Douglas Parfümerie, Theatinerstraße 40 ihren Duft vor. Also unbedingt zum Schnuppern und Staunen vorbei schauen!"
"263",NA
"264","Smokey Eyes meets Metallic-Look! Wir mögen's geheimnisvoll und glamourös. Ihr auch?

Als Metallic-Lidschatten empfehlen hierzu: www.douglas.de/urbandecay-loaded

(Gefunden unter: http://www.pinterest.com/pin/198228821072860123/)"
"265",NA
"266","Für alle, die keine Lust auf eintönige Nägel haben: schimmernde Akzente in Dunkelgrün-Metallic
www.douglas.de/nagellack-metallic 

(Gefunden auf lackfein.blogspot.de)"
"267",NA
"268","Oh, so ein süßes Oktoberfest-Accessoire! Für den perfekten Wiesn-Look schenken wir Euch zu jeder Bestellung ab € 49,- unter www.douglas.de/Wiesn-Armband ein Sweet Deluxe Wiesn-Armband.*

*Nur solange der Vorrat reicht. Nur ein Geschenk pro Kunde. Das Geschenk wird bei Verfügbarkeit im Warenkorb angezeigt."
"269",NA
"270","Unsere Duft-Lieblinge im Herbst! Schon probiert? 

Michael Kors limitiert: www.douglas.de/Sexy-Rio
Neu als Eau de Toilette: www.douglas.de/Gucci-Premiere
Der Newcomer schlechthin: www.douglas.de/My-Burberry"
"271",NA
"272","Erste Beweisfotos: Helene makes happy! Ihr neuer Duft ist unter www.douglas.de/Helene-Happy und in unseren Parfümerien erhältlich. Überzeugt Euch selbst!"
"273","Euer Feedback zur Halskette mit einem Deko-Element aus Kaninchenpelz war eindeutig und wir können es gut nachvollziehen. Wir haben den Artikel auch deshalb sofort aus unserem Sortiment genommen. Meldet Euch bei Fragen jederzeit bei uns per E-Mail, telefonisch oder auch hier auf Facebook. 

Es grüßt Euch das gesamte Douglas-Team"
"274","Wir sagen: „Daumen hoch!"" für Lena Gercke. Sie setzt sich für Krebspatientinnen ein und bekam dafür den Douglas CHARITY STAR beim dreamball 2014 verliehen. Gute Sache, oder? www.douglas.de/Douglas-Charity"
"275",NA
"276","Wir sind schon ganz gaga und freuen uns tierisch auf den neuen Duft ""Eau de Gaga"" von LADY GAGA. Zum Launch ihres zweiten Duftes Ende September verlosen wir 5x2 Tickets für das LADY GAGA artRAVE Konzert am Freitag, 03.10.2014 um 19:30 Uhr in Hamburg. Wie Ihr gewinnen könnt? Schickt uns einfach bis kommenden Sonntag, 14.09.2014 eine E-Mail an facebook@douglas.de mit dem Betreff ""Lady Gaga"", Eurer vollständigen Anschrift und Eurem ""Gaga-Foto"". Wir freuen uns natürlich auch über Eure Fotos als Kommentar! Die Teilnahmebedingungen findet Ihr unter www.douglas.de/ladygaga-gewinnspiel. Wer gewonnen hat, erhält von uns am Montag, 15.09.2014 eine E-Mail.

P.S.: Unter www.douglas.de/eaudegaga könnt Ihr Euch per E-Mail benachrichtigen lassen, sobald der Duft online erhältlich ist."
"277",NA
"278","LADYLIKE! Unsere Produktempfehlung zum Classic-Look: Dunkelroter Lippenstift unter www.douglas.de/creamcrimson-queen. Mögt Ihr es auch elegant?

(Gefunden unter www.pinterest.com/pin/183310647302598666/)"
"279",NA
"280","Happy Monday! 
Zu jeder Bestellung ab 39 Euro auf www.douglas.de/fangeschenk-bumble bekommt Ihr ein Bumble and bumble Straight Blow Dry Haarbalsam (15 ml) geschenkt. Gebt einfach den Code BUB234 in Eurem Warenkorb ein. 
Nur solange der Vorrat reicht. Nur ein Geschenk pro Kunde. Gültig bis zum 21.09.2014."
"281",NA
"282","Heiter bis wolkig! Schöne Herbstfarben für unsere Nägel: www.douglas.de/Farbpalette-Herbst"
"283",NA
"284","Wir <3 Mascara. Wir <3 Cara. Wir <3 YSL.
Ihr auch? www.douglas.de/babydoll"
"285","Late Summer ♡ Eye-Make-up! Wie gefällt Euch der Look?

Das limitierte Smashbox-Set zum Look:
www.douglas.de/glam-femme-set

(Gefunden unter http://www.pinterest.com/pin/546905948470127265/)"
"286","Der Weg zum perfekten Dutt? Hier entlang: www.douglas.de/Haar-Tutorial"
"287",NA
"288","Rosé + Metallic = Unser Nagel-Look der Woche! Mal was Neues, oder?

Das dazu passende Nagellack-Set: www.douglas.de/thenewblack

(Gefunden unter www.pinterest.com/pin/138415388520785690/)"
"289",NA
"290","Juhuuu! Helenes Duft ist erhältlich - online und in unseren Parfümerien. Und sie schickt liebe Grüße! www.douglas.de/Helene"
"291",NA
"292","Nur noch heute! 

Bewerbt Euch bis zum 31.08. unter www.douglas.de/produkttest-alterna-set zum Produkttest mit Alterna. Ihr bekommt die Chance auf das Bamboo Style Cleanse Extend Translucent Dry Shampoo 'Mango Coconut' (135 ml), den Bamboo Volume 2-in-1 Volumizer (104 ml) und das Bamboo Smooth Kendi Dry Oil Mist (125 ml). Ob Ihr beim Produkttest dabei seid, erfahrt Ihr bis zum 05.09. per E-Mail.

Für alle, die mobil unterwegs sind: Leider könnt Ihr Euch vorerst nur von Eurem PC oder Laptop für den Produkttest bewerben. Wir arbeiten für Euch daran!"
"293","Wir lieben die 'for her' Düfte von Narciso Rodriguez! Unsere Favoriten für den Spätsommer: www.douglas.de/rodriguez"
"294","Unsere unverzichtbaren <3 Lippenstift-Lieblinge <3 für den Spätsommer und Herbst! Warum lest Ihr hier: www.douglas.de/lipstick"
"295",NA
"296","Was haltet Ihr von unserem herbstlichen Bronze-Look? 
Und ja, wir können einfach nicht ohne Eyeliner ;-)

Unsere Empfehlungen: 
www.douglas.de/naked-eyeshadow
www.douglas.de/eyeko-liner
www.douglas.de/mac-lashes

Zum Stöbern: www.douglas.de/farbtrend-braun

(Gesehen auf: www.pinterest.com/pin/516365913498813341/)"
"297","☼ Hello Sunshine ☼
Unsere gute Laune kommt gleich auf unsere Nägel. Gefällt Euch das Nageldesign? www.douglas.de/noble-spirits

(Gesehen auf www.pinterest.com/pin/272045633714345499/)"
"298","Mädels, aufgepasst! Verpasst morgen nicht unser tolles Goodie von Urban Decay. Wie? Ganz einfach! Heute noch schnell den Douglas-Damen-Newsletter abonnieren: www.douglas.de/newsletter-urbandecay"
"299",NA
"300","Wir <3 ALTERNA!
... und suchen 50 ProdukttesterInnen für ein dreiteiliges Alterna-Set. Darin enthalten: das Bamboo Style Cleanse Extend Translucent Dry Shampoo 'Mango Coconut' (135 ml), der Bamboo Volume 2-in-1 Volumizer (104 ml) und das Bamboo Smooth Kendi Dry Oil Mist (125 ml). Bewerbt Euch bis kommenden Sonntag, den 31.08.2014 unter www.douglas.de/produkttest-alterna-set. Wir drücken Euch die Daumen! Ob Ihr beim Produkttest dabei seid, erfahrt Ihr bis zum 05.09. per E-Mail.

Für alle, die mobil unterwegs sind: Leider könnt Ihr Euch vorerst nur von Eurem PC oder Laptop für den Produkttest bewerben. Wir arbeiten für Euch daran!"
"301","Energie-Kick für einen guten Start in die Woche! Wir schenken Euch zu jeder Bestellung ab 49,-€ unter www.douglas.de/Energie-Kick einen Origins GinZing Moisturizer in Originalgröße (30 ml).*

*Nur solange der Vorrat reicht. Nur ein Geschenk pro Kunde. Das Geschenk wird bei Verfügbarkeit im Warenkorb angezeigt."
"302",NA
"303",NA
"304","Kölnisch Wasser 4711 verzaubert uns! ... mit traumhaft modernen Düften: www.douglas.de/4711-duftwelt. Überzeugt Euch selbst! 

Und wer schon immer seinen ganz persönlichen Duft kreieren wollte, sollte dem Traditionshaus einen Besuch abstatten: www.douglas.de/4711-duftseminar"
"305","We ♡ Date Night! Ihr auch? 

Vicky stellt Euch Ihr persönliches Date Styling vor: www.douglas.de/date-night. Gefällt Euch Ihr Look?"
"306",NA
"307","Der Cat Eye Look hat's in sich! Zu extrem oder genau richtig? 
www.douglas.de/eyeko-eyeliner

(Gesehen auf www.pinterest.com/pin/312296555381600785)"
"308",NA
"309","HOT or NOT? Was haltet Ihr von klassischem Nagellack in Nude? www.douglas.de/couture-blossom"
"310",NA
"311","Pures Glück zum Sprühen: BOSS Ma Vie! Schon probiert? www.douglas.de/ma-vie 

Mehr zum Duft-Trio BOSS Jour, BOSS Nuit, BOSS Ma Vie findet Ihr unter: www.douglas.de/mavie-blog"
"312",NA
"313","<3 Douglas Fan-Geschenk <3
Zum Wochenstart gibt's wieder eine Beauty-Überraschung für Euch! Zu jeder Bestellung ab 39 Euro auf www.douglas.de/fangeschenk-sbx bekommt Ihr einen Smashbox Classic Primer Deluxe (7,1 ml) geschenkt. Gebt einfach den Code SFA237 in Eurem Warenkorb ein. 
Nur solange der Vorrat reicht. Nur ein Geschenk pro Kunde. Gültig bis zum 31.08.2014."
"314",NA
"315","LAST CHANCE! 
Nur noch heute könnt Ihr Euch zum Produkttest mit Urban Decay bewerben! Testen könnt Ihr eine UD Perversion Mascara (12 ml), einen UD Subversion Lash Primer (8,5 ml) und einen UD 24/7 Glide-On Eye Pencil 'Rockstar' (1,2 g). Bewerbt Euch noch schnell unter www.douglas.de/produkttest-urbandecay. VIEL GLÜCK! 

Ob Ihr beim Produkttest dabei seid, erfahrt Ihr bis zum 22.08. per E-Mail. Für alle, die mobil unterwegs sind: Leider könnt Ihr Euch vorerst nur von Eurem PC, Laptop oder via Desktop-Version anmelden."
"316","Oh, du wunderbares Duft-Trio! Issey Miyake verwöhnt uns gleich dreimal mit 'Pleats Please'. Welcher ist Euer Liebling? www.douglas.de/pleats-please"
"317","Newspaper Nails - gute Nachrichten für unsere Nägel! Schon mal probiert? www.douglas.de/newspaper-nails"
"318",NA
"319","Wir haben Lust auf Glitzer! Unser Look der Woche: Natural Sparkling Eye-Make-up! Wie gefällt Euch der Look? 
Unsere Favoriten dazu:
www.douglas.de/Lidschattenpalette
www.douglas.de/UrbanDecay-Liner 

(Gefunden unter: www.leidenschaft-makeup.de/2014/06/amu-sparkling-natural.html)"
"320",NA
"321","PARIS, JE T'AIME! 
Unsere internationale Lieblingsbloggerin Negin Mirsalehi kreiert für Euch den romantischen Paris-Look. Très chic, n'est-ce pas?!

Negins detaillierte Anleitung zum Look gibt es hier: www.douglas.de/Paris"
"322",NA
"323","Armani Si INTENSE verzaubert uns! Euch auch? www.douglas.de/si-intense. 
Auf 'beautystories' mehr zu unserem neuen <3-Duft: www.douglas.de/blog-armani"
"324","URBAN DECAY PRODUKTTEST! 
Wir suchen 50 ProdukttesterInnen, die unser Urban Decay Eye-Make-up-Set testen möchten. Das Set enthält eine UD Perversion Mascara (12 ml), einen UD Subversion Lash Primer (8,5 ml) und einen UD 24/7 Glide-On Eye Pencil 'Rockstar' (1,2 g). Bewerbt Euch bis Sonntag unter www.douglas.de/produkttest-urbandecay. Wir drücken Euch die Daumen und freuen uns auf Eure Bewerbungen! Ob Ihr beim Produkttest dabei seid, erfahrt Ihr bis zum 22.08. per E-Mail.
Für alle, die mobil unterwegs sind: Leider könnt Ihr Euch vorerst nur von Eurem PC oder Laptop für den Produkttest bewerben. Wir arbeiten für Euch daran."
"325","URBAN DECAY PRODUKTTEST! 
Wir suchen 50 ProdukttesterInnen, die unser Urban Decay Eye-Make-up-Set testen möchten. Das Set enthält eine UD Perversion Mascara (12 ml), einen UD Subversion Lash Primer (8,5 ml) und einen UD 24/7 Glide-On Eye Pencil 'Rockstar' (1,2 g). Bewerbt Euch bis Sonntag unter www.douglas.de/produkttest-urbandecay. Wir drücken Euch die Daumen und freuen uns auf Eure Bewerbungen! Ob Ihr beim Produkttest dabei seid, erfahrt Ihr bis zum 22.08. per E-Mail.
Für alle, die mobil unterwegs sind: Leider könnt Ihr Euch vorerst nur von Eurem PC oder Laptop für den Produkttest bewerben. Wir arbeiten für Euch daran."
"326",NA
"327","Noch nichts vor am freien Sonntag? 
... wer sich schon immer  Beratung & Inspriation für seine individuelle Beauty-Frage gewünscht hat, kann sich jetzt per Video-Botschaft bei uns bewerben und mit ein bisschen Glück ein persönliches Styling gewinnen. Zückt Eure Handykamera und los geht's! Hier geht's zum Upload : www.douglas.de/beautycheck (aktuell nur Desktop möglich)
Viel Spaß, wir drücken Euch die Daumen!"
"328",NA
"329","Heute Nacht durchgetanzt? Unsere Geheimwaffe für müde Augen: Estée Lauder Advanced Night Repair Eye Creme. www.douglas.de/esteelauder-eye"
"330",NA
"331","JETTE BLACK - magisch, geheimnisvoll, verführerisch und neu bei uns: www.douglas.de/JETTE-BLACK. Hintergrund-Infos zur exklusiven Duftneuheit findet Ihr hier: www.douglas.de/Duftlaunch-Jette"
"332","Eye-Make-up in Gold-Ombré! Gefällt's Euch?

Eyeliner: www.douglas.de/black-liner
Lidschatten: www.douglas.de/saharienne

(Gesehen auf http://dressed-in-mint.blogspot.de/2013/12/make-up-glammy-goes-to-step-by-step.html?m=1)"
"333","Unser Nagel-Look der Woche! Gefällt Euch die gold-gelbe Gute-Laune-Kombi? 

Unsere Empfehlung für sonnengelbe Nägel: 
www.douglas.de/indian-sun
Und Schmuck zum Stöbern: 
www.douglas.de/schmuck   

(Gesehen unter http://www.pinterest.com/pin/74309462576171261/)"
"334",NA
"335",NA
"336","Wir wünschen unserem neuen Duftstar Helene Fischer alles erdenklich Liebe zum 30. Geburtstag! Happy Birthday! 

Wer den neuen Duft ""That's Me!"" um keinen Preis verpassen möchte, kann sich hier für einen Reminder eintragen: www.douglas.de/duft-helenefischer

PS: Ihr wollt Helene auch gratulieren? Dann schreibt Eure guten Wünsche doch einfach unter unseren Post."
"337","Rote Lippen gewinnen einfach immer! 
www.douglas.de/rote-lippen"
"338",NA
"339","ENDSPURT! 

Nur noch heute könnt Ihr Euch für unseren Origins-Produkttest bewerben. Wir suchen 50 ProdukttesterInnen für das Pflege-Set mit einem GinZing Refreshing Scrub Cleanser (150 ml), einem GinZing Energy-boosting Moisturizer (50 ml) und einer GinZing Refreshing Eye Cream (15 ml). Zur Teilnahme geht es hier entlang: www.douglas.de/produkttest-origins. Ob Ihr beim Produkttest dabei seid, erfahrt Ihr bis zum 08.08. per E-Mail.

Für alle, die mobil unterwegs sind: Leider könnt Ihr Euch vorerst nur von Eurem PC oder Laptop für den Produkttest bewerben. Wir arbeiten für Euch daran!"
"340",NA
"341","Die limitierte Coca Cola Collection von OPI ist da! Cola, Fanta, Cola Light oder Sprite - welcher Typ seid Ihr? www.douglas.de/opi-cocacola"
"342","Unser Augen-Make-up zum Wochenende. Hübscher Hingucker, oder? 

Unsere Empfehlungen zum Look: 
www.douglas.de/lidschatten-zoeva 
www.douglas.de/kajal-gruen
www.douglas.de/benefit-liner

(Gesehen unter: www.pinterest.com/pin/426223552204027025/)"
"343",NA
"344","Was Ihr über Helene Fischers neuen Duft ""That's me!"" unbedingt wissen müsst: www.douglas.de/helene-fischer"
"345","Style on the beach! #SOTB 
Vote hier für Deinen liebsten Sommer-Look und gewinne einen Douglas-Gutschein in Höhe von 100 Euro: 
www.douglas.de/styleon-thebeach"
"346","Helene Fischer Fans, aufgepasst!
""THAT'S ME!"" heißt der erste Damenduft, den die Star-Sängerin in diesem Moment in München präsentiert. Der Duft wird ab September exklusiv in unseren Parfümerien und auf www.douglas.de erhältlich sein. Wir sind live für Euch dabei und schnuppern Note für Note ihren neusten Hit!"
"347",NA
"348","Unser Nagel-Design der Woche! Hot or Not?

Zartes Apricot: www.douglas.de/mac-pep
Tiefes Schwarz: www.douglas.de/black-chief
Nail Sticker in Gold: www.douglas.de/nail-sticker

(Gesehen auf: www.pinterest.com/pin/167336942379684343/)"
"349",NA
"350","♡ ORIGINS-Produkttest ♡ 
Wir suchen 50 ProdukttesterInnen für unser Pflege-Set von Origins. Darin enthalten sind ein GinZing Refreshing Scrub Cleanser (150 ml), ein GinZing Energy-boosting Moisturizer (50 ml) und eine GinZing Refreshing Eye Cream (15  ml). Bewerbt Euch bis kommenden Sonntag, den 03.08.2014 unter www.douglas.de/produkttest-origins. Wir drücken Euch die Daumen! Ob Ihr beim Produkttest dabei seid, erfahrt Ihr bis zum 08.08. per E-Mail.

Für alle, die mobil unterwegs sind: Leider könnt Ihr Euch vorerst nur von Eurem PC oder Laptop für den Produkttest bewerben. Wir arbeiten für Euch daran!"
"351","Wir haben einen Blick hinter die Kulissen unseres großen Douglas Beauty Star Shootings geworfen. Wir finden, unsere Douglas Beauty Stars sehen klasse aus! Was meint Ihr? Mehr Backstage-Bilder findet ihr unter www.douglas.de/shooting."
"352",NA
"353",NA
"354",NA
"355",NA
"356","Endlich ist es soweit! URBAN DECAY ist ab sofort bei uns erhältlich: www.douglas.de/urban-decay"
"357","Dürfen wir vorstellen: Pfirsichfarbener Lidschatten und lockiger Wet-Look von Bumble and bumble. You like? www.douglas.de/bumble-bumble"
"358",NA
"359","Unser Look der Woche: Nude Smokey Eyes! ... direkt von der Berlin Fashion Week und gestylt von lavera: www.douglas.de/lavera-look"
"360","Erratet Ihr, was das ist? Auf jeden Fall unsere liebste Farbe für diesen Sommer von Bobbi Brown. www.douglas.de/passionfruit"
"361",NA
"362","Liebe Box-of-Beauty-Abonnenten, 
wir haben Eure Hinweise zum „Lip Tint“ ernst genommen und direkt beim Lieferanten Catrice nachgefragt. Dieser teilte uns zunächst mit, dass das Produkt bis Ende 2015 „bedenkenlos zu verwenden“ sei. Leider haben wir jetzt von Catrice die Info erhalten, dass es ein – für uns – „unerwartetes Qualitätsproblem“ beim Lip Tint gab. Das darf natürlich nicht passieren. Deshalb erhalten unsere Box of Beauty Abonnenten mit der August-Box einen zusätzlichen Originalartikel (Made to Stay Smooth Lip Polish von Catrice) als kleine Entschuldigung. 
Liebe Grüße von Eurem Box of Beauty Team"
"363",NA
"364","Beauty-Junkies, aufgepasst! Erratet Ihr, auf welche wunderbare Make-up-Marke wir uns alle freuen dürfen? … diesen Monat neu und exklusiv auf www.douglas.de. Die Spannung steigt!"
"365",NA
"366",NA
"367","Ein wunderschönes Wochenende Euch allen!"
"368",NA
"369","Wir <3 dieses Augen-Make-up! Ihr auch? Unsere Empfehlungen zum Nachschminken: 
Eyeliner: www.douglas.de/mac-fluidline
Lidschatten: www.douglas.de/hypnose-palette

(Gesehen auf www.pinterest.com/pin/489344315731810703/)"
"370","Wir sehen Lila! Mit dem neuen Luxus-Parfum von Tom Ford 'Velvet Orchid'. Ganz schön heiß, oder? www.douglas.de/velvet-orchid"
"371",NA
"372",NA
"373","Welcher Lack darf's bei Euch diesen Sommer sein? 
Eine kleine Auswahl findet Ihr hier: www.douglas.de/blog-nagellack

Knall-Pink: www.douglas.de/dior-frontrow
Klarer Top Coat: www.douglas.de/essie-goodtogo 
Glitter Top Coat: www.douglas.de/effect-misslyn
Crackling Top Coat: www.douglas.de/phyton-misslyn"
"374",NA
"375","HAPPY NAILS! 
Zum Wochenstart haben wir wieder ein Fan-Geschenk für Euch! Zu jeder Bestellung ab 39 Euro auf www.douglas.de/fangeschenk-douglasabsolute bekommt Ihr einen Douglas Absolute Nagellack in Überraschungsfarbe (11 ml) geschenkt. Gebt einfach den Code DAB234 in Eurem Warenkorb ein. 

Nur solange der Vorrat reicht. Nur ein Geschenk pro Kunde. Gültig bis 27.07.2014."
"376","54...74...90...2014. Wir gratulieren unserer Elf und schenken Euch 11% auf Alles.* www.douglas.de/Weltmeister

*Gültig nur bis 14.07.2014. Der Rabatt wird im Warenkorb angezeigt."
"377",NA
"378","Heute geht's um den Titel! 
Seid Ihr auch schon so aufgeregt wie wir? Zur Feier des Tages könnt Ihr eines von 50 Smashbox Make-up-Sets gewinnen! Darin enthalten: ein Smashbox Be Legendary Lipstick 'Melondrama' (3 g) und einen Smashbox Photo Op Eye Shadow Trio 'Focal Point' (2,76 g). Schickt uns einfach bis zum 15.07.2014 eine E-Mail an facebook@douglas.de mit dem Betreff 'Smashbox Make-up-Set'. Alle glücklichen Gewinner bekommen am 17.07.2014 eine E-Mail von uns. Hier geht's zu den Teilnahmebedingungen der Verlosung: www.douglas.de/Finale."
"379",NA
"380",NA
"381","""Schenke Deinen Liebsten einen Kuss!"" 
In 16 Douglas-Parfümerien konntet Ihr Euch zum Tag des Kusses mit einer unserer Fotoboxen ablichten lassen. Eure Bilder gab's zum Mitnehmen, Ihr konntet sie bei Facebook hochladen und mit Euren Liebsten teilen. Schaut Euch hier die vielen schönen Kuss-Fotos an: www.douglas.de/Tag-des-Kusses. Wir hoffen, es hat euch genauso viel Spaß gemacht wie uns!"
"382",NA
"383","Wir feiern mit Euch die WM! 
Zur Feier unseres Einzugs ins Finale könnt Ihr eines von 20 Bumble and bumble Sets gewinnen. Darin enthalten ein Pret-á-powder Launch Kit (56 ml) und ein Surf Travel Kit mit Shampoo, Conditioner und Surfspray (je 60 ml). Schickt uns einfach bis zum 11.07.2014 eine E-Mail an facebook@douglas.de mit dem Betreff 'Bumble and bumble Set'. Wir drücken Euch die Daumen! Wer gewonnen hat, bekommt am 14.07.2014 eine E-Mail von uns. Hier geht's zu den Teilnahmebedingungen der Verlosung: www.douglas.de/Deutschland-Brasilien"
"384","Für alle Beautys! 
Wer sich schon immer ein professionelles Make-up und individuelle Beratung gewünscht hat, hat jetzt die Chance: Bewerbt Euch beim 'Douglas Beauty Check' und bekommt ein persönliches Makeover. Alles was Ihr tun müsst, ist, ein Bewerbungsvideo mit Eurem Anliegen hier hochzuladen: www.douglas.de/beautycheck 
Viel Spaß! Wir drücken Euch die Daumen!"
"385","7:1 - seid Ihr auch so überrascht und stolz wie wir? Wir jubeln und freuen uns auf das Finale! Und wünschen Euch viel Spaß mit 11% Rabatt auf Sonnenpflege unter www.douglas.de/sonnenpflege.

*Gültig am 09.07. und 10.07.2014. Der Rabatt wird im Warenkorb angezeigt."
"386","Hallo zusammen,

wir möchten Euch bitten, die „WM Fanschminke“ nicht weiter zu verwenden. Wie wir heute erfahren haben, hat eine erneute Untersuchung gezeigt, dass dieses Produkt mit der Chargen-Nummer CO83CNFS in der roten Farbe einen verbotenen Farbstoff enthält. Von diesem Farbstoff (Lackrot) können gesundheitliche Risiken ausgehen. Da uns Eure Sicherheit sehr am Herzen liegt, haben wir den Stift  unverzüglich aus unseren Parfümerien und unserem Onlineshop entfernt und bieten ihn nicht mehr zum Verkauf an. 

Allen, die den Schminkstift auf www.douglas.de erworben haben oder ihn in ihrer Box of Beauty hatten, wird der Wert in Höhe von 1,99 € innerhalb der nächsten Tage automatisch gutgeschrieben. Diejenigen, die den Schminkstift in einer unserer Parfümerien erworben haben, können sich dort melden und bekommen den genannten Betrag erstattet. Wir möchten Euch alle bitten, das Produkt zur geordneten Entsorgung in einer unserer Filialen abzugeben.   

Bei Rückfragen zum Thema steht Euch der Douglas-Kundenservice unter der kostenfreien Rufnummer 0800-690 690 5 (montags bis freitags von 8:30 Uhr bis 20:30 Uhr; samstags von 9:00 Uhr bis 20:00 Uhr) zur Verfügung. Auch per E-Mail unter service@douglas.de und hier könnt Ihr Euch immer an uns wenden!

Wir entschuldigen uns für die Unannehmlichkeiten, die Euch durch diese Vorsichtsmaßnahme entstehen. 

Liebe Grüße, 

Kristin vom Douglas-facebook-Team"
"387","Unser Trend-Look der Woche! HOT or NOT? 
Blaue Mascara: www.douglas.de/flashy-blue
Lidschatten: www.douglas.de/zoeva-palette

(gefunden unter www.pinterest.com/pin/64598575877031819/)"
"388",NA
"389","Spieglein, Spieglein an der Wand ... 
Herzlichen Glückwunsch unseren hübschen Douglas Beauty Star Gewinnern JULIA und FELIX! Ihr habt uns überzeugt! Wir freuen uns schon auf die Bilder von Eurem großen Shooting - wer noch?"
"390",NA
"391","KRALLENVERGLEICH :-D www.douglas.de/orangedream"
"392",NA
"393",NA
"394","Wir feiern mit Euch den Tag des Kusses! 

Zu jeder Make-Up-Bestellung ab 15 Euro unter www.douglas.de/clinique erhaltet Ihr einen Clinique Long Last Lipstick 'All Heart' (4 g) geschenkt. Happy Kissing :-*

Gültig nur am 06.07.2014. Nur solange der Vorrat reicht. Das Geschenk wird bei Verfügbarkeit im Warenkorb angezeigt."
"395","Wir sagen Danke an unsere Elf! 

Mit 11% Rabatt auf alle Kiehl's Produkte unter www.douglas.de/WM-Kiehls. Schönes Samstag-Shopping Euch allen! 

*Gültig nur am 05.07.2014. Der Rabatt wird im Warenkorb angezeigt."
"396",NA
"397","Wir feiern mit Euch die WM! 
Zur Feier des Viertelfinales verlosen wir 30 Bobbi-Brown-Sets, darin: ein Bobbi Brown Pot Rouge for Lips and Cheeks 'Calypso Coral' (3,7 g) und eine Bobbi Brown Smokey Eye Mascara (6 ml). Was meint Ihr, werden unsere Jungs das Halbfinale erreichen? 
Schickt uns bis kommenden Montag, den 07.07.2014 eine E-Mail an facebook@douglas.de mit Eurem Namen und Eurer Adresse. Wer gewonnen hat, bekommt von uns am 09.07.2014 eine E-Mail. Wir drücken Euch und unserer Elf die Daumen! 
Unsere Teilnahmebedingungen zum Gewinnspiel findet Ihr hier: www.douglas.de/Deutschland-Frankreich"
"398","DEUTSCHLAND KÜSST FÜR DEN GUTEN ZWECK!
Macht mit beim Kusstag von Douglas und DKMS LIFE! Douglas sammelt vom 04. bis 06. Juli in allen Douglas Parfümerien deutschlandweit Küsse. Bei 250.000 Küssen spendet Douglas 25.000 Euro an das DKMS LIFE Patientenprogramm
""look good feel better"". Weitere Infos findet Ihr unter douglas.de/dkmslife. Wir freuen uns auf Euch!"
"399",NA
"400","Douglas feiert mit lavera die Fashion Week Berlin! 

Wir verlosen 1x 2 VIP-Tickets für Dich und Deine Begleitung zum lavera Showfloor bei der Berlin Fashion Week am 11.07.2014. An- und Abreise zum Showfloor, eine Übernachtung im Doppelzimmer in einem exklusiven Hotel sowie Sektempfang und Make-up-Styling inklusive.
Zusätzlich verlosen wir 20 Goody Bags mit einem Beauty Balm, der Bodylotion 'Honey Moments' und der Eyeshadow Quattro Palette aus der neuen 'Trend Sensitiv' Reihe.
Schicke uns bis 03.07.2014 eine E-Mail an facebook@douglas.de mit dem Betreff 'Fashion Week Berlin' und Deiner Begründung, warum Du die VIP-Tickets oder eine Goody-Bag gewinnen solltest. Wir drücken die Daumen! Hier findest Du unsere Teilnahmebedingungen: www.douglas.de/douglas/Douglas-Aktuell/index_c009211.html"
"401",NA
"402","VIERTELFINALE, WIR KOMMEN! :-)

Zum Einzug unserer Nationalmannschaft ins Viertelfinale schenken wir Euch heute zu jeder Duft-Bestellung ab 35,-€ auf www.douglas.de/Viertelfinale einen mobilen Ralph Lauren Lautsprecher in einer Überraschungsfarbe.*

*Solange der Vorrat reicht und nur ein Geschenk pro Kunde. Das Geschenk wird bei Verfügbarkeit direkt im Warenkorb angezeigt."
"403",NA
"404","Wir <3 Benefit! 
Wir suchen 50 ProdukttesterInnen für unser Benefit-Make-up-Set. Im Set enthalten sind: Ein They’re real! Push up Liner (1,4 g), eine They’re real! Mascara (8,5 g), ein Hydrasmooth Lip Color ‘Air Kiss’ (15 ml) und ein Box o' Powder Rockateur (5 g). Bewerbt Euch bis kommenden Sonntag, den 06.07. unter www.douglas.de/produkttest-benefit. Wir drücken Euch die Daumen und freuen uns auf Eure Bewerbungen! Ob Ihr beim Produkttest dabei seid, erfahrt Ihr bis zum 11.07. per E-Mail. 
Für alle, die mobil unterwegs sind: Leider könnt Ihr Euch vorerst nur von Eurem PC oder Laptop für den Produkttest bewerben. Wir arbeiten für Euch daran!"
"405","Wir feiern mit Euch die WM! 
Zum Einzug unserer Elf ins Achtelfinale verlosen wir 30 Clinique Make-up-Sets in den Farben Schwarz-Rot-Gold.

Schickt uns bis kommenden Freitag, den 04.07.2014 eine E-Mail an facebook@douglas.de mit Eurem Namen, Eurer Adresse und dem Betreff ""Douglas macht Fußball schöner"". Wer von Euch gewonnen hat, bekommt von uns am 07.07.2014 eine E-Mail. Unsere Teilnahmebedingungen zum Gewinnspiel findet Ihr hier: www.douglas.de/Deutschland-Algerien

Wir drücken Euch und unseren Jungs fest die Daumen!"
"406",NA
"407","Neu & exklusiv bei uns: Der Guerlain Terra Tropica Puder! www.douglas.de/guerlain-tropica
Zum Testurteil unserer lieben Kollegin Michelle auf 'beautystories' gelangt Ihr hier: www.douglas.de/Blogbeitrag-Guerlain"
"408","Happy Beauty-Weekend! Ab heute bekommt Ihr zu jeder Bestellung ab 39 Euro auf www.douglas.de/beauty-weekend einen Mini They’re Real! Push-up Liner von Benefit (0,36 g) geschenkt. Gebt einfach den Code PUL234 in Eurem Warenkorb ein. Gültig bis zum 04.07. Nur solange der Vorrat reicht. Das Geschenk wird bei Verfügbarkeit im Warenkorb angezeigt."
"409","Unser Sieger Angebot für Euch: Zum Einzug unserer deutschen Elf ins Achtelfinale erhaltet Ihr bis morgen 11% auf die US-Kultmarke Benefit* unter www.douglas.de/wm-benefit.

*Gültig bis 28.06.2014. Der Rabatt wird im Warenkorb angezeigt."
"410","Wir feiern mit Euch die WM! 
Zur Feier des dritten Deutschland-Spiels gegen die USA verlosen wir 30 NYX Nude On Nude Paletten. Wir schaffen das heute Abend, oder? 8-)

Schickt uns bis kommenden Montag, den 30.06.2014 eine E-Mail an facebook@douglas.de mit Eurem Namen und Eurer Adresse. Wer von Euch gewonnen hat, bekommt von uns am 02.07.2014 eine E-Mail. Unsere Teilnahmebedingungen zum Gewinnspiel findet Ihr hier: www.douglas.de/Deutschland-USA"
"411","Biotherm Eau Fraîche: Daumen hoch für grünen Newcomer! www.douglas.de/Biotherm-EauFraiche. Die Meinung unserer lieben Kollegin Nina zum neuesten Nachwuchs in der Eaux-Familie von Biotherm erfahrt Ihr auf unserem Blog 'beautystories' unter www.douglas.de/biotherm-eau-fraiche. 

Pssst...Der Duft ist aktuell auf 34,99€ reduziert. :-)"
"412",NA
"413","Unser SUMMER-GOODIE für Euch: Wir schenken Euch zu jeder Bestellung auf www.douglas.de/Summer-Goodie ab 49 € eine Kosmetiktasche von Oilily. Das hübsche Täschchen bietet Platz für die wichtigsten Beauty-Basics, perfekt für Euren Sommerurlaub! ;-)"
"414",NA
"415",NA
"416","Trotz Unentschieden ein Hoch auf unsere Deutsche Elf! Zur Feier des zweiten Deutschland-Spiels erhaltet Ihr 11% auf alle Tagespflegen unter www.douglas.de/wm-tagespflege.
*Gültig bis 23.06.2014. Der Rabatt wird im Warenkorb angezeigt."
"417","Wir feiern mit Euch die WM! 
Zur Feier des zweiten Deutschland-Spiels verlosen wir 25 IsaDora Make-up-Sets. Darin enthalten: Der Twist-up Gloss Stick Nr. 14 Rio Red, der Wonder Nail Nagellack Nr. 786 Ipanema Beach und der Twist-up Blush & Go Nr. 88 Bermuda Bronze. Was meint Ihr, werden unsere Jungs wieder siegen? 

Schickt uns bis kommenden Mittwoch, den 25.06.2014 eine E-Mail an facebook@douglas.de mit Eurem Namen und Eurer Adresse. Wer von Euch gewonnen hat, bekommt von uns am 27.06.2014 eine E-Mail. Unsere Teilnahmebedingungen zum Gewinnspiel findet Ihr hier: www.douglas.de/Deutschland-Ghana"
"418","Unser Nagel-Design zum Wochenende! Wie gefällt's Euch?

Der richtige Rotton: www.douglas.de/femme-fatale
Mit mattierendem Überlack: www.douglas.de/matt

(Gesehen unter www.pinterest.com/pin/138415388521728313/)"
"419","Mittagspause bei Douglas: Wir bereiten uns mit unserem Douglas-Kicker schon mal auf ein Fußball-intensives Wochenende vor ;-) Ihr auch?"
"420",NA
"421","Unser sommerliches Augen-Make-up macht doch Lust auf Sonne, Sommer und Strand - oder was meint Ihr?
www.douglas.de/isadora-eyeliner-aqua"
"422",NA
"423","Unser schönster Sommer-Flirt: Sun Rise Men ♡ Sun Rise Women! Und Eurer?

www.douglas.de/jilsander-sun-men
www.douglas.de/jilsander-sun-women"
"424","Liebe One Direction Fans aufgepasst: Wir verlosen 3x2 Tickets für das Konzert von One Direction in der Düsseldorfer Esprit Arena am Mittwoch, 02.07.2014. Liked diesen Beitrag und schreibt uns bis morgen, 19.06.2014 24 Uhr eine E-Mail an facebook@douglas.de mit dem Betreff „One Direction“, Eurem Vor- und Nachnamen, Eurer vollständigen, aktuellen Anschrift und Eurem Alter (Ihr müsst mind. 16 Jahre sein.). Es gelten unsere Teilnahmebedingungen unter www.douglas.de/1D-Konzert. Wir drücken Euch die Daumen!"
"425",NA
"426","Ein Hoch auf unsere Deutsche Elf! 
Zur Feier des ersten Deutschland-Spiels erhaltet Ihr 11% auf alle Nagellacke unter www.douglas.de/wm-nagellack. 
*Gültig bis 18.06.2014. Der Rabatt wird im Warenkorb angezeigt."
"427",NA
"428","Wir feiern mit Euch die WM! 
Zur Feier des ersten Deutschland-Spiels verlosen wir 30 Jimmy Choo Duftsets mit einem Jimmy Choo Flash EdP (60 ml) und einer Jimmy Choo Flash Bodylotion (100 ml). Wie ist Euer Tipp für's Spiel gegen Portugal? Schickt uns bis kommenden Freitag, den 20.06.2014 eine E-Mail an facebook@douglas.de mit Eurem Namen und Eurer Adresse. Wer gewonnen hat, bekommt von uns am 23.06.2014 eine E-Mail. Unsere Teilnahmebedingungen zum Gewinnspiel findet Ihr hier: www.douglas.de/Deutschland-Portugal. Wir freuen uns auf ein spannendes Spiel und drücken unseren Jungs die Daumen!"
"429","NUR FÜR KURZE ZEIT! Biotherm-Frische-Kick zum Wochenstart: Ihr erhaltet eine Biotherm Aquasource Gesichtscreme (15 ml) zu jeder Bestellung ab 39 Euro auf www.douglas.de/biotherm geschenkt. Gebt einfach den Code BAH234 in Eurem Warenkorb ein.

Nur solange der Vorrat reicht. Nur ein Geschenk pro Kunde. Gültig bis 22.06.2014."
"430",NA
"431",NA
"432",NA
"433","Unser Glam-Look zum fußballbegeisterten Wochenende!

Unsere Produktempfehlung:
www.douglas.de/Isadora-GoldenSand

(Gesehen auf http://www.pinterest.com/pin/261771797063248779/)"
"434",NA
"435","Endlich ist es wieder so weit! Zum Start der WM 2014 zeigen auch unsere Nägel Flagge - seid auch Ihr #bereitwienie?

Hier geht's zu unseren WM-Nagellacken:
www.douglas.de/schwarz
www.douglas.de/rot
www.douglas.de/gold"
"436","Verboten schön! Ab sofort ist der They're Real! Push-up Eyeliner von Benefit vorab exklusiv online bei uns erhältlich: www.douglas.de/Benefit-Pushup. Pssst...Zu jeder Bestellung von Benefit erhaltet Ihr gratis eine Benefit They're Real Mascara (3 g)*.

*Solange der Vorrat reicht. Ein Geschenk pro Kunde."
"437",NA
"438","Sommer, Sonne, Softeis: Pastell trifft auf Sorbet...auch auf unseren Nägeln!

Wir empfehlen folgende Sorten:
www.douglas.de/Beyu-Pastell
www.douglas.de/Dior-Muguet

(Gesehen auf http://www.pinterest.com/pin/137570963592451431/)"
"439",NA
"440",NA
"441","Wir sagen ""Si"" zu unserem Lieblingsduft für's Wochenende! Ihr auch? www.douglas.de/armani-si"
"442",NA
"443","Der Sommer steht vor der Tür! Michelle macht sich beim ""Nike We Own The Night Run"" in Berlin fit für den Strand und verrät die Sommer-Trends von NYX, die sogar Sport-tauglich sind: www.douglas.de/blog-run. Hier geht's zu NYX: www.douglas.de/nyx"
"444","Juhu, endlich beginnt die Festival-Saison! Kristin verrät uns auf unserem Blog 'beautystories' ihre praktischen Beauty-Produkte für das kleine Reisegepäck: www.douglas.de/Festival. Packt Euch dieses Jahr auch das Festival-Fieber?"
"445",NA
"446","☼ Summer in the City ☼

Passende Produkte zum Lust-auf-Sommer-Look findet Ihr hier:

Nagellack in hellblau: www.douglas.de/hellblau
Goldringe: www.douglas.de/goldschmuck

(Gesehen auf http://www.pinterest.com/pin/399131585698392739/)"
"447",NA
"448","Unsere engere Auswahl vom Douglas Beautystar Casting aus ganz Deutschland könnt Ihr in diesem Fotoalbum bewundern. 
Wir danken allen Teilnehmerinnen und Teilnehmern für eine tolle Douglas Beauty Star Saison 2014!"
"449","Zur Einstimmung auf die WM: Unser WM-Look, vorgestellt von einer unserer Lieblings-Bloggerinnen! Hier gelangt Ihr zum Blogbeitrag von Kathrin: www.douglas.de/WM-Look. Die ausführliche Step-by-Step-Anleitung inklusive der verwendeten Produkte findet Ihr bei uns im Shop: www.douglas.de/StepbyStep. "
"450",NA
"451","♡ Smashbox-Produkttest ♡ 
Wir suchen 50 ProdukttesterInnen für unser Smashbox-Make-up-Set. Im Set enthalten sind: Eine Camera Ready Eyes BB Cream (3,5 ml), eine Full Exposure Mascara (11 g), ein Photo Op Eye Shadow Trio “Filter” (2,76 g) und ein Photo Finish Shadow Primer (12 ml). Bewerbt Euch bis kommenden Sonntag, den 08.06. unter www.douglas.de/produkttest-smashbox. Wir drücken Euch die Daumen! Ob Ihr dabei seid, erfahrt Ihr bis zum 13.06. per E-Mail.

Für alle, die mobil unterwegs sind: Leider könnt Ihr Euch vorerst nur von Eurem PC oder Laptop für den Produkttest bewerben."
"452","☼ HAPPY MONDAY ☼ 

Zu jeder Bestellung ab 39 Euro auf www.douglas.de/coral-lipgloss bekommt Ihr einen IsaDora Moisturizing Lip Gloss 'Coral' (3.4 ml) geschenkt. Gebt einfach den Code KSD467 in Eurem Warenkorb ein. 

Nur solange der Vorrat reicht. Nur ein Geschenk pro Kunde. Gültig bis 15.06.2014."
"453",NA
"454",NA
"455","Pretty in Pink: Der neue Rougepinsel von Zoeva! www.douglas.de/zoeva-rougepinsel

Pssst! Douglas Card Kundinnen bekommen sogar einen Sonderpreis für diesen Hingucker <3

(http://instagram.com/p/oQ86sdEubs/#)"
"456",NA
"457",NA
"458","Unser Duft zum sommerlichen Wochenende: ✿ LOLA ✿ von Marc Jacobs! Und Eurer? www.douglas.de/lola-marcjacobs 

Gesehen auf: www.pinterest.com/pin/475129829407256322/"
"459","An alle lieben Papis dieser Welt: ♡ Alles Liebe zum Vatertag ♡

Der Look zum Nachstylen auf Euren Nägeln:
Nudefarbener Nagellack: www.douglas.de/NYX-NudeWhite
Schwarzer Nail Art Liner: www.douglas.de/LCN-Black

(Gesehen auf http://www.pinterest.com/pin/19773685834141848/)"
"460","Unser Lieblings-Sommer-Look der Woche in zarten Pastelltönen. Wem gefällt's? #LOTW

Fliederfarbener Lidschatten: www.douglas.de/Amethyst-Chrystal
Dunkelbrauner Eyeliner: www.douglas.de/Eyeliner-Darkbrown
Korallfarbener Lippenstift: www.douglas.de/Coral-Cream"
"461",NA
"462","♡ We fell in love...in dieses süße Nagel-Design. ♡ 

Nude-Nagellack: www.douglas.de/Anny-Nude
Nagellack für das Herz: www.douglas.de/Dior-Aventure

(Gesehen auf http://www.pinterest.com/pin/509047564103058996/)"
"463",NA
"464","BEAUTYNEWS! Die limitierte ""Santigold Collection"" von Smashbox entführt uns mit strahlenden Farben! Welche gefällt Euch am besten? www.douglas.de/smashbox-santigold 

Mehr über die Kollektion erfahrt Ihr hier: www.douglas.de/blog-santigold"
"465","GET THE ""BERLIN"" LOOK! Top-Bloggerin Negin Mirsalehi kreierte für uns ihr persönliches Berlin-Make-up. Welche Produkte sie dafür verwendet hat, erfahrt Ihr hier: www.douglas.de/berlin-look

Wir waren beim Dreh dabei und haben uns direkt in die hübsche Bloggerin verliebt: www.douglas.de/blog-berlin"
"466",NA
"467","Wir haben zwei traumhafte Summer-Looks für Eure Nägel: www.douglas.de/blog-summernails Welcher gefällt Euch besser? Allen Beautys wünschen wir ein sonniges Wochenende!"
"468","❀ Für Paradiesvögel ❁

Wir empfehlen hierzu:
Lila Lidschatten: www.douglas.de/Giorgio-Armani
Pfirsichfarbener Lidschatten: www.douglas.de/Artdeco-Pfirsich
Gelber Lidschatten: www.douglas.de/Mello-Yellow

(Gesehen auf http://www.pinterest.com/pin/554646510330705718/)"
"469",NA
"470",NA
"471","Unsere Summer Florals! Welcher Duft ist Euer Liebling für den Sommer?

www.douglas.de/Flowerbomb
www.douglas.de/MissDior
www.douglas.de/Issey-Florale"
"472",NA
"473","♫ ♪ ICE ICE, BABY! ☼ 

Passend zum Summer Look:

Rosé Nagellack: www.douglas.de/Artdeco-CoutureBaby
Off-white Nagellack: www.douglas.de/Anny-Hugmebabe
Nailsticker: www.douglas.de/Nailsticker

(Gesehen auf http://www.pinterest.com/pin/399131585698392736/)"
"474",NA
"475","Aufgepasst, liebe Beautyjunkies! Unsere liebe Kollegin Kathy stellt Euch alle Highlights der diesjährigen Duftstars-Gala auf unserem Douglas Blog 'beautystories' vor: www.douglas.de/Duftstars-2014. Das Douglas-Facebook-Team freut sich besonders für den würdigen Gewinner in der Kategorie ""Bestes Flakon-Design"": Marc Jacobs “Honey”. CONGRATULATIONS!"
"476","DRESS like RIHANNA! 
Kleine Fashion-Überraschung zum Wochenstart: Diese wunderschöne Clutch bekommt Ihr zu jeder Bestellung ab 39 Euro auf www.douglas.de/rihanna geschenkt. Gebt einfach den Code RHC847 in Eurem Warenkorb ein. Die Party-Clutch wurde übrigens passend zu ihrem neuen Duft ROGUE designt.

Nur solange der Vorrat reicht. Nur ein Geschenk pro Kunde. Gültig bis 25.05.2014."
"477",NA
"478",NA
"479","Unser Favorit zum Wochenende: Aquatic Look! 

Unsere Produktempfehlungen:
Türkiser Lidschatten für das Oberlid: www.douglas.de/Magic-Mermaid
Dunkelblauer Lidschatten für den unteren Wimpernkranz: www.douglas.de/Poseidons-Pacific
Brauner Lidschatten für den Smokey Eye Effekt : www.douglas.de/Artdeco-Braun

(Gesehen auf http://www.pinterest.com/pin/113504853082793950/)"
"480",NA
"481","We love Benefit! ... und das limitierte Beauty Score Set für sonnengeküsste Haut, auch wenn wir nicht live bei der WM in Brasilien dabei sind 8-) Praktisch, oder? www.douglas.de/benefit-brazil"
"482",NA
"483","ENDLICH! Der neue Duft ""That Moment"" von ♡ One Direction ♡ ist NUR bei uns im Online Shop erhältlich: www.douglas.de/That-Moment"
"484","Unser Look der Woche: Nautical Nails! HOT or NOT?

Wir empfehlen hierzu:
www.douglas.de/Anny-HugMeBabe
www.douglas.de/LCN-NailArtPen

(Gesehen auf http://www.pinterest.com/pin/89649848804739703/)"
"485",NA
"486","Aufgepasst, Ladies! Ab sofort ist die limitierte MAC Playland Kollektion online erhältlich - exklusiv nur bei uns! Also schnell zugreifen! ;-) www.douglas.de/MAC-Playland"
"487",NA
"488",NA
"489","Unser Duft der Woche: ARMANI CODE FEMME! Wer liebt es? www.douglas.de/armani-code"
"490","Für perfekte Klimper-Wimpern! 

Ab sofort erhaltet Ihr eine ANNAYAKE Volume Mascara (3 ml) zu jeder Bestellung ab 39 Euro auf www.douglas.de/fangeschenk-annayake. Gebt einfach den Code AVM634 in Eurem Warenkorb ein. Wir wünschen Euch einen guten Wochenstart!

Gültig bis zum 25.05.2014. Nur ein Geschenk pro Kunde. Nur solange der Vorrat reicht."
"491",NA
"492","DANKE, MAMA ♡"
"493",NA
"494","Nur noch bis morgen ... 

... könnt Ihr Euch zum Produkttest der Sommerkollektion SUMMER AFFAIR von Douglas Absolute bewerben. Das Set enthält die ‚Summer Affair‘ Nagellacke Nr. 37, Nr. 38 und Nr. 39 (je 11 ml) sowie die ‚Summer Affair‘ Lipglosse Nr. 31, Nr. 32 und Nr. 33 (je 8 ml). Zur Teilnahme geht es hier: www.douglas.de/produkttest-summeraffair. Viel Glück! 

Ob Ihr beim Produkttest dabei seid, erfahrt Ihr bis zum 16.05. per E-Mail. Für alle, die mobil unterwegs sind: Leider könnt Ihr Euch vorerst nur von Eurem PC oder Laptop für den Produkttest bewerben. Wir arbeiten für Euch daran!"
"495","Wir wünschen uns den ☼ Sommer ☼ herbei!

www.douglas.de/Colognes
www.douglas.de/Bumbleandbumble
www.douglas.de/MAC-Lipstick"
"496",NA
"497","Für bezaubernde Topmodel-Haut! www.douglas.de/clarisonic-mia2

Auf unserem Blog erfahrt Ihr mehr zur Clarisonic Mia2. Unsere Kollegin Betty hat getestet: www.douglas.de/blog-clarisonic ...und BORIS ENTRUP verrät seine Favoritin!"
"498",NA
"499","Mädels, seid Ihr schon im Topmodel-Fieber? Unser Styling für das große Finale: 
www.douglas.de/smokey-star
www.douglas.de/shimmer

Psst! Boris Entrup verrät uns, wer seine Favoritin ist! www.douglas.de/boris-gntm

(Bild gefunden unter www.pinterest.com/pin/153333562287487307/)"
"500","... von wegen graue Maus! Oder?

www.douglas.de/topcoat-matt
www.douglas.de/grauer-nagellack

(Gesehen auf www.pinterest.com/pin/19492210861270085/)"
